ID,v1,v2,v3,v4,v5,v6,v7,v8,v9,Label
ID,V ,V ,V ,V ,V ,V ,V ,V ,V ,LABEL
1,1,1,1,1,1,1,1,1,1,1
2,1,1,1,1,1,1,1,1,1,1
3,1,1,1,1,1,1,1,1,1,1
4,1,1,1,1,1,1,1,1,1,1
5,1,1,1,1,1,1,1,1,1,1
6,1,1,1,1,1,1,1,1,1,1
7,1,1,1,1,1,1,1,1,1,1
8,1,1,1,1,1,1,1,1,1,1
9,1,1,1,1,1,1,1,1,1,1
10,1,1,1,1,1,1,1,1,1,1
11,1,1,1,1,1,1,1,1,1,1
12,1,1,1,1,1,1,1,1,1,1
13,1,1,1,1,1,1,1,1,1,1
14,1,1,1,1,1,1,1,1,1,1
15,1,1,1,1,1,1,1,1,1,1
16,1,1,1,1,1,1,1,1,1,1
17,1,1,1,1,1,1,1,1,1,1
18,1,1,1,1,1,1,1,1,1,1
19,1,1,1,1,1,1,1,1,1,1
20,1,1,1,1,1,1,1,1,1,1
21,1,1,1,1,1,1,1,1,1,1
22,1,1,1,1,1,1,1,1,1,1
23,1,1,1,1,1,1,1,1,1,1
24,1,1,1,1,1,1,1,1,1,1
25,1,1,1,1,1,1,1,1,1,1
26,1,1,1,1,1,1,1,1,1,1
27,1,1,1,1,1,1,1,1,1,1
28,1,1,1,1,1,1,1,1,1,1
29,1,1,1,1,1,1,1,1,1,1
30,1,1,1,1,1,1,1,1,1,1
31,1,1,1,1,1,1,1,1,1,1
32,1,1,1,1,1,1,1,1,1,1
33,1,1,1,1,1,1,1,1,1,1
34,1,1,1,1,1,1,1,1,1,1
35,1,1,1,1,1,1,1,1,1,1
36,1,1,1,1,1,1,1,1,1,1
37,1,1,1,1,1,1,1,1,1,1
38,1,1,1,1,1,1,1,1,1,1
39,1,1,1,1,1,1,1,1,1,1
40,1,1,1,1,1,1,1,1,1,1
41,1,1,1,1,1,1,1,1,1,1
42,1,1,1,1,1,1,1,1,1,1
43,1,1,1,1,1,1,1,1,1,1
44,1,1,1,1,1,1,1,1,1,1
45,1,1,1,1,1,1,1,1,1,1
46,1,1,1,1,1,1,1,1,1,1
47,1,1,1,1,1,1,1,1,1,1
48,1,1,1,1,1,1,1,1,1,1
49,1,1,1,1,1,1,1,1,1,1
50,1,1,1,1,1,1,1,1,1,1
51,1,1,1,1,1,1,1,1,1,1
52,1,1,1,1,1,1,1,1,1,1
53,1,1,1,1,1,1,1,1,1,1
54,1,1,1,1,1,1,1,1,1,1
55,1,1,1,1,1,1,1,1,1,1
56,1,1,1,1,1,1,1,1,1,1
57,1,1,1,1,1,1,1,1,1,1
58,1,1,1,1,1,1,1,1,1,1
59,1,1,1,1,1,1,1,1,1,1
60,1,1,1,1,1,1,1,1,1,1
61,1,1,1,1,1,1,1,1,1,1
62,1,1,1,1,1,1,1,1,1,1
63,1,1,1,1,1,1,1,1,1,1
64,1,1,1,1,1,1,1,1,1,1
65,1,1,1,1,1,1,1,1,1,1
66,1,1,1,1,1,1,1,1,1,1
67,1,1,1,1,1,1,1,1,1,1
68,1,1,1,1,1,1,1,1,1,1
69,1,1,1,1,1,1,1,1,1,1
70,1,1,1,1,1,1,1,1,1,1
71,1,1,1,1,1,1,1,1,1,1
72,1,1,1,1,1,1,1,1,1,1
73,1,1,1,1,1,1,1,1,1,1
74,1,1,1,1,1,1,1,1,1,1
75,1,1,1,1,1,1,1,1,1,1
76,1,1,1,1,1,1,1,1,1,1
77,1,1,1,1,1,1,1,1,1,1
78,1,1,1,1,1,1,1,1,1,1
79,1,1,1,1,1,1,1,1,1,1
80,1,1,1,1,1,1,1,1,1,1
81,1,1,1,1,1,1,1,1,1,1
82,1,1,1,1,1,1,1,1,1,1
83,1,1,1,1,1,1,1,1,1,1
84,1,1,1,1,1,1,1,1,1,1
85,1,1,1,1,1,1,1,1,1,1
86,1,1,1,1,1,1,1,1,1,1
87,1,1,1,1,1,1,1,1,1,1
88,1,1,1,1,1,1,1,1,1,1
89,1,1,1,1,1,1,1,1,1,1
90,1,1,1,1,1,1,1,1,1,1
91,1,1,1,1,1,1,1,1,1,1
92,1,1,1,1,1,1,1,1,1,1
93,1,1,1,1,1,1,1,1,1,1
94,1,1,1,1,1,1,1,1,1,1
95,1,1,1,1,1,1,1,1,1,1
96,1,1,1,1,1,1,1,1,1,1
97,1,1,1,1,1,1,1,1,1,1
98,1,1,1,1,1,1,1,1,1,1
99,1,1,1,1,1,1,1,1,1,1
100,1,1,1,1,1,1,1,1,1,1
101,1,1,1,1,1,1,1,1,1,1
102,1,1,1,1,1,1,1,1,1,1
103,1,1,1,1,1,1,1,1,1,1
104,1,1,1,1,1,1,1,1,1,1
105,1,1,1,1,1,1,1,1,1,1
106,1,1,1,1,1,1,1,1,1,1
107,1,1,1,1,1,1,1,1,1,1
108,1,1,1,1,1,1,1,1,1,1
109,1,1,1,1,1,1,1,1,1,1
110,1,1,1,1,1,1,1,1,1,1
111,1,1,1,1,1,1,1,1,1,1
112,1,1,1,1,1,1,1,1,1,1
113,1,1,1,1,1,1,1,1,1,1
114,1,1,1,1,1,1,1,1,1,1
115,1,1,1,1,1,1,1,1,1,1
116,1,1,1,1,1,1,1,1,1,1
117,1,1,1,1,1,1,1,1,1,1
118,1,1,1,1,1,1,1,1,1,1
119,1,1,1,1,1,1,1,1,1,1
120,1,1,1,1,1,1,1,1,1,1
121,1,1,1,1,1,1,1,1,1,1
122,1,1,1,1,1,1,1,1,1,1
123,1,1,1,1,1,1,1,1,1,1
124,1,1,1,1,1,1,1,1,1,1
125,1,1,1,1,1,1,1,1,1,1
126,1,1,1,1,1,1,1,1,1,1
127,1,1,1,1,1,1,1,1,1,1
128,1,1,1,1,1,1,1,1,1,1
129,1,1,1,1,1,1,1,1,1,1
130,1,1,1,1,1,1,1,1,1,1
131,1,1,1,1,1,1,1,1,1,1
132,1,1,1,1,1,1,1,1,1,1
133,1,1,1,1,1,1,1,1,1,1
134,1,1,1,1,1,1,1,1,1,1
135,1,1,1,1,1,1,1,1,1,1
136,1,1,1,1,1,1,1,1,1,1
137,1,1,1,1,1,1,1,1,1,1
138,1,1,1,1,1,1,1,1,1,1
139,1,1,1,1,1,1,1,1,1,1
140,1,1,1,1,1,1,1,1,1,1
141,1,1,1,1,1,1,1,1,1,1
142,1,1,1,1,1,1,1,1,1,1
143,1,1,1,1,1,1,1,1,1,1
144,1,1,1,1,1,1,1,1,1,1
145,1,1,1,1,1,1,1,1,1,1
146,1,1,1,1,1,1,1,1,1,1
147,1,1,1,1,1,1,1,1,1,1
148,1,1,1,1,1,1,1,1,1,1
149,1,1,1,1,1,1,1,1,1,1
150,1,1,1,1,1,1,1,1,1,1
151,1,1,1,1,1,1,1,1,1,1
152,1,1,1,1,1,1,1,1,1,1
153,1,1,1,1,1,1,1,1,1,1
154,1,1,1,1,1,1,1,1,1,1
155,1,1,1,1,1,1,1,1,1,1
156,1,1,1,1,1,1,1,1,1,1
157,1,1,1,1,1,1,1,1,1,1
158,1,1,1,1,1,1,1,1,1,1
159,1,1,1,1,1,1,1,1,1,1
160,1,1,1,1,1,1,1,1,1,1
161,1,1,1,1,1,1,1,1,1,1
162,1,1,1,1,1,1,1,1,1,1
163,1,1,1,1,1,1,1,1,1,1
164,1,1,1,1,1,1,1,1,1,1
165,1,1,1,1,1,1,1,1,1,1
166,1,1,1,1,1,1,1,1,1,1
167,1,1,1,1,1,1,1,1,1,1
168,1,1,1,1,1,1,1,1,1,1
169,1,1,1,1,1,1,1,1,1,1
170,1,1,1,1,1,1,1,1,1,1
171,1,1,1,1,1,1,1,1,1,1
172,1,1,1,1,1,1,1,1,1,1
173,1,1,1,1,1,1,1,1,1,1
174,1,1,1,1,1,1,1,1,1,1
175,1,1,1,1,1,1,1,1,1,1
176,1,1,1,1,1,1,1,1,1,1
177,1,1,1,1,1,1,1,1,1,1
178,1,1,1,1,1,1,1,1,1,1
179,1,1,1,1,1,1,1,1,1,1
180,1,1,1,1,1,1,1,1,1,1
181,1,1,1,1,1,1,1,1,1,1
182,1,1,1,1,1,1,1,1,1,1
183,1,1,1,1,1,1,1,1,1,1
184,1,1,1,1,1,1,1,1,1,1
185,1,1,1,1,1,1,1,1,1,1
186,1,1,1,1,1,1,1,1,1,1
187,1,1,1,1,1,1,1,1,1,1
188,1,1,1,1,1,1,1,1,1,1
189,1,1,1,1,1,1,1,1,1,1
190,1,1,1,1,1,1,1,1,1,1
191,1,1,1,1,1,1,1,1,1,1
192,1,1,1,1,1,1,1,1,1,1
193,1,1,1,1,1,1,1,1,1,1
194,1,1,1,1,1,1,1,1,1,1
195,1,1,1,1,1,1,1,1,1,1
196,1,1,1,1,1,1,1,1,1,1
197,1,1,1,1,1,1,1,1,1,1
198,1,1,1,1,1,1,1,1,1,1
199,1,1,1,1,1,1,1,1,1,1
200,1,1,1,1,1,1,1,1,1,1
201,1,1,1,1,1,1,1,1,1,1
202,1,1,1,1,1,1,1,1,1,1
203,1,1,1,1,1,1,1,1,1,1
204,1,1,1,1,1,1,1,1,1,1
205,1,1,1,1,1,1,1,1,1,1
206,1,1,1,1,1,1,1,1,1,1
207,1,1,1,1,1,1,1,1,1,1
208,1,1,1,1,1,1,1,1,1,1
209,1,1,1,1,1,1,1,1,1,1
210,1,1,1,1,1,1,1,1,1,1
211,1,1,1,1,1,1,1,1,1,1
212,1,1,1,1,1,1,1,1,1,1
213,1,1,1,1,1,1,1,1,1,1
214,1,1,1,1,1,1,1,1,1,1
215,1,1,1,1,1,1,1,1,1,1
216,1,1,1,1,1,1,1,1,1,1
217,1,1,1,1,1,1,1,1,1,1
218,1,1,1,1,1,1,1,1,1,1
219,1,1,1,1,1,1,1,1,1,1
220,1,1,1,1,1,1,1,1,1,1
221,1,1,1,1,1,1,1,1,1,1
222,1,1,1,1,1,1,1,1,1,1
223,1,1,1,1,1,1,1,1,1,1
224,1,1,1,1,1,1,1,1,1,1
225,1,1,1,1,1,1,1,1,1,1
226,1,1,1,1,1,1,1,1,1,1
227,1,1,1,1,1,1,1,1,1,1
228,1,1,1,1,1,1,1,1,1,1
229,1,1,1,1,1,1,1,1,1,1
230,1,1,1,1,1,1,1,1,1,1
231,1,1,1,1,1,1,1,1,1,1
232,1,1,1,1,1,1,1,1,1,1
233,1,1,1,1,1,1,1,1,1,1
234,1,1,1,1,1,1,1,1,1,1
235,1,1,1,1,1,1,1,1,1,1
236,1,1,1,1,1,1,1,1,1,1
237,1,1,1,1,1,1,1,1,1,1
238,1,1,1,1,1,1,1,1,1,1
239,1,1,1,1,1,1,1,1,1,1
240,1,1,1,1,1,1,1,1,1,1
241,1,1,1,1,1,1,1,1,1,1
242,1,1,1,1,1,1,1,1,1,1
243,1,1,1,1,1,1,1,1,1,1
244,1,1,1,1,1,1,1,1,1,1
245,1,1,1,1,1,1,1,1,1,1
246,1,1,1,1,1,1,1,1,1,1
247,1,1,1,1,1,1,1,1,1,1
248,1,1,1,1,1,1,1,1,1,1
249,1,1,1,1,1,1,1,1,1,1
250,1,1,1,1,1,1,1,1,1,1
251,1,1,1,1,1,1,1,1,1,1
252,1,1,1,1,1,1,1,1,1,1
253,1,1,1,1,1,1,1,1,1,1
254,1,1,1,1,1,1,1,1,1,1
255,1,1,1,1,1,1,1,1,1,1
256,1,1,1,1,1,1,1,1,1,1
257,1,1,1,1,1,1,1,1,1,1
258,1,1,1,1,1,1,1,1,1,1
259,1,1,1,1,1,1,1,1,1,1
260,1,1,1,1,1,1,1,1,1,1
261,1,1,1,1,1,1,1,1,1,1
262,1,1,1,1,1,1,1,1,1,1
263,1,1,1,1,1,1,1,1,1,1
264,1,1,1,1,1,1,1,1,1,1
265,1,1,1,1,1,1,1,1,1,1
266,1,1,1,1,1,1,1,1,1,1
267,1,1,1,1,1,1,1,1,1,1
268,1,1,1,1,1,1,1,1,1,1
269,1,1,1,1,1,1,1,1,1,1
270,1,1,1,1,1,1,1,1,1,1
271,1,1,1,1,1,1,1,1,1,1
272,1,1,1,1,1,1,1,1,1,1
273,1,1,1,1,1,1,1,1,1,1
274,1,1,1,1,1,1,1,1,1,1
275,1,1,1,1,1,1,1,1,1,1
276,1,1,1,1,1,1,1,1,1,1
277,1,1,1,1,1,1,1,1,1,1
278,1,1,1,1,1,1,1,1,1,1
279,1,1,1,1,1,1,1,1,1,1
280,1,1,1,1,1,1,1,1,1,1
281,1,1,1,1,1,1,1,1,1,1
282,1,1,1,1,1,1,1,1,1,1
283,1,1,1,1,1,1,1,1,1,1
284,1,1,1,1,1,1,1,1,1,1
285,1,1,1,1,1,1,1,1,1,1
286,1,1,1,1,1,1,1,1,1,1
287,1,1,1,1,1,1,1,1,1,1
288,1,1,1,1,1,1,1,1,1,1
289,1,1,1,1,1,1,1,1,1,1
290,1,1,1,1,1,1,1,1,1,1
291,1,1,1,1,1,1,1,1,1,1
292,1,1,1,1,1,1,1,1,1,1
293,1,1,1,1,1,1,1,1,1,1
294,1,1,1,1,1,1,1,1,1,1
295,1,1,1,1,1,1,1,1,1,1
296,1,1,1,1,1,1,1,1,1,1
297,1,1,1,1,1,1,1,1,1,1
298,1,1,1,1,1,1,1,1,1,1
299,1,1,1,1,1,1,1,1,1,1
300,1,1,1,1,1,1,1,1,1,1
301,1,1,1,1,1,1,1,1,1,1
302,1,1,1,1,1,1,1,1,1,1
303,1,1,1,1,1,1,1,1,1,1
304,1,1,1,1,1,1,1,1,1,1
305,1,1,1,1,1,1,1,1,1,1
306,1,1,1,1,1,1,1,1,1,1
307,1,1,1,1,1,1,1,1,1,1
308,1,1,1,1,1,1,1,1,1,1
309,1,1,1,1,1,1,1,1,1,1
310,1,1,1,1,1,1,1,1,1,1
311,1,1,1,1,1,1,1,1,1,1
312,1,1,1,1,1,1,1,1,1,1
313,1,1,1,1,1,1,1,1,1,1
314,1,1,1,1,1,1,1,1,1,1
315,1,1,1,1,1,1,1,1,1,1
316,1,1,1,1,1,1,1,1,1,1
317,1,1,1,1,1,1,1,1,1,1
318,1,1,1,1,1,1,1,1,1,1
319,1,1,1,1,1,1,1,1,1,1
320,1,1,1,1,1,1,1,1,1,1
321,1,1,1,1,1,1,1,1,1,1
322,1,1,1,1,1,1,1,1,1,1
323,1,1,1,1,1,1,1,1,1,1
324,1,1,1,1,1,1,1,1,1,1
325,1,1,1,1,1,1,1,1,1,1
326,1,1,1,1,1,1,1,1,1,1
327,1,1,1,1,1,1,1,1,1,1
328,1,1,1,1,1,1,1,1,1,1
329,1,1,1,1,1,1,1,1,1,1
330,1,1,1,1,1,1,1,1,1,1
331,1,1,1,1,1,1,1,1,1,1
332,1,1,1,1,1,1,1,1,1,1
333,1,1,1,1,1,1,1,1,1,1
334,1,1,1,1,1,1,1,1,1,1
335,1,1,1,1,1,1,1,1,1,1
336,1,1,1,1,1,1,1,1,1,1
337,1,1,1,1,1,1,1,1,1,1
338,1,1,1,1,1,1,1,1,1,1
339,1,1,1,1,1,1,1,1,1,1
340,1,1,1,1,1,1,1,1,1,1
341,1,1,1,1,1,1,1,1,1,1
342,1,1,1,1,1,1,1,1,1,1
343,1,1,1,1,1,1,1,1,1,1
344,1,1,1,1,1,1,1,1,1,1
345,1,1,1,1,1,1,1,1,1,1
346,1,1,1,1,1,1,1,1,1,1
347,1,1,1,1,1,1,1,1,1,1
348,1,1,1,1,1,1,1,1,1,1
349,1,1,1,1,1,1,1,1,1,1
350,1,1,1,1,1,1,1,1,1,1
351,1,1,1,1,1,1,1,1,1,1
352,1,1,1,1,1,1,1,1,1,1
353,1,1,1,1,1,1,1,1,1,1
354,1,1,1,1,1,1,1,1,1,1
355,1,1,1,1,1,1,1,1,1,1
356,1,1,1,1,1,1,1,1,1,1
357,1,1,1,1,1,1,1,1,1,1
358,1,1,1,1,1,1,1,1,1,1
359,1,1,1,1,1,1,1,1,1,1
360,1,1,1,1,1,1,1,1,1,1
361,1,1,1,1,1,1,1,1,1,1
362,1,1,1,1,1,1,1,1,1,1
363,1,1,1,1,1,1,1,1,1,1
364,1,1,1,1,1,1,1,1,1,1
365,1,1,1,1,1,1,1,1,1,1
366,1,1,1,1,1,1,1,1,1,1
367,1,1,1,1,1,1,1,1,1,1
368,1,1,1,1,1,1,1,1,1,1
369,1,1,1,1,1,1,1,1,1,1
370,1,1,1,1,1,1,1,1,1,1
371,1,1,1,1,1,1,1,1,1,1
372,1,1,1,1,1,1,1,1,1,1
373,1,1,1,1,1,1,1,1,1,1
374,1,1,1,1,1,1,1,1,1,1
375,1,1,1,1,1,1,1,1,1,1
376,1,1,1,1,1,1,1,1,1,1
377,1,1,1,1,1,1,1,1,1,1
378,1,1,1,1,1,1,1,1,1,1
379,1,1,1,1,1,1,1,1,1,1
380,1,1,1,1,1,1,1,1,1,1
381,1,1,1,1,1,1,1,1,1,1
382,1,1,1,1,1,1,1,1,1,1
383,1,1,1,1,1,1,1,1,1,1
384,1,1,1,1,1,1,1,1,1,1
385,1,1,1,1,1,1,1,1,1,1
386,1,1,1,1,1,1,1,1,1,1
387,1,1,1,1,1,1,1,1,1,1
388,1,1,1,1,1,1,1,1,1,1
389,1,1,1,1,1,1,1,1,1,1
390,1,1,1,1,1,1,1,1,1,1
391,1,1,1,1,1,1,1,1,1,1
392,1,1,1,1,1,1,1,1,1,1
393,1,1,1,1,1,1,1,1,1,1
394,1,1,1,1,1,1,1,1,1,1
395,1,1,1,1,1,1,1,1,1,1
396,1,1,1,1,1,1,1,1,1,1
397,1,1,1,1,1,1,1,1,1,1
398,1,1,1,1,1,1,1,1,1,1
399,1,1,1,1,1,1,1,1,1,1
400,1,1,1,1,1,1,1,1,1,1
401,1,1,1,1,1,1,1,1,1,1
402,1,1,1,1,1,1,1,1,1,1
403,1,1,1,1,1,1,1,1,1,1
404,1,1,1,1,1,1,1,1,1,1
405,1,1,1,1,1,1,1,1,1,1
406,1,1,1,1,1,1,1,1,1,1
407,1,1,1,1,1,1,1,1,1,1
408,1,1,1,1,1,1,1,1,1,1
409,1,1,1,1,1,1,1,1,1,1
410,1,1,1,1,1,1,1,1,1,1
411,1,1,1,1,1,1,1,1,1,1
412,1,1,1,1,1,1,1,1,1,1
413,1,1,1,1,1,1,1,1,1,1
414,1,1,1,1,1,1,1,1,1,1
415,1,1,1,1,1,1,1,1,1,1
416,1,1,1,1,1,1,1,1,1,1
417,1,1,1,1,1,1,1,1,1,1
418,1,1,1,1,1,1,1,1,1,1
419,1,1,1,1,1,1,1,1,1,1
420,1,1,1,1,1,1,1,1,1,1
421,1,1,1,1,1,1,1,1,1,1
422,1,1,1,1,1,1,1,1,1,1
423,1,1,1,1,1,1,1,1,1,1
424,1,1,1,1,1,1,1,1,1,1
425,1,1,1,1,1,1,1,1,1,1
426,1,1,1,1,1,1,1,1,1,1
427,1,1,1,1,1,1,1,1,1,1
428,1,1,1,1,1,1,1,1,1,1
429,1,1,1,1,1,1,1,1,1,1
430,1,1,1,1,1,1,1,1,1,1
431,1,1,1,1,1,1,1,1,1,1
432,1,1,1,1,1,1,1,1,1,1
433,1,1,1,1,1,1,1,1,1,1
434,1,1,1,1,1,1,1,1,1,1
435,1,1,1,1,1,1,1,1,1,1
436,1,1,1,1,1,1,1,1,1,1
437,1,1,1,1,1,1,1,1,1,1
438,1,1,1,1,1,1,1,1,1,1
439,1,1,1,1,1,1,1,1,1,1
440,1,1,1,1,1,1,1,1,1,1
441,1,1,1,1,1,1,1,1,1,1
442,1,1,1,1,1,1,1,1,1,1
443,1,1,1,1,1,1,1,1,1,1
444,1,1,1,1,1,1,1,1,1,1
445,1,1,1,1,1,1,1,1,1,1
446,1,1,1,1,1,1,1,1,1,1
447,1,1,1,1,1,1,1,1,1,1
448,1,1,1,1,1,1,1,1,1,1
449,1,1,1,1,1,1,1,1,1,1
450,1,1,1,1,1,1,1,1,1,1
451,1,1,1,1,1,1,1,1,1,1
452,1,1,1,1,1,1,1,1,1,1
453,1,1,1,1,1,1,1,1,1,1
454,1,1,1,1,1,1,1,1,1,1
455,1,1,1,1,1,1,1,1,1,1
456,1,1,1,1,1,1,1,1,1,1
457,1,1,1,1,1,1,1,1,1,1
458,1,1,1,1,1,1,1,1,1,1
459,1,1,1,1,1,1,1,1,1,1
460,1,1,1,1,1,1,1,1,1,1
461,1,1,1,1,1,1,1,1,1,1
462,1,1,1,1,1,1,1,1,1,1
463,1,1,1,1,1,1,1,1,1,1
464,1,1,1,1,1,1,1,1,1,1
465,1,1,1,1,1,1,1,1,1,1
466,1,1,1,1,1,1,1,1,1,1
467,1,1,1,1,1,1,1,1,1,1
468,1,1,1,1,1,1,1,1,1,1
469,1,1,1,1,1,1,1,1,1,1
470,1,1,1,1,1,1,1,1,1,1
471,1,1,1,1,1,1,1,1,1,1
472,1,1,1,1,1,1,1,1,1,1
473,1,1,1,1,1,1,1,1,1,1
474,1,1,1,1,1,1,1,1,1,1
475,1,1,1,1,1,1,1,1,1,1
476,1,1,1,1,1,1,1,1,1,1
477,1,1,1,1,1,1,1,1,1,1
478,1,1,1,1,1,1,1,1,1,1
479,1,1,1,1,1,1,1,1,1,1
480,1,1,1,1,1,1,1,1,1,1
481,1,1,1,1,1,1,1,1,1,1
482,1,1,1,1,1,1,1,1,1,1
483,1,1,1,1,1,1,1,1,1,1
484,1,1,1,1,1,1,1,1,1,1
485,1,1,1,1,1,1,1,1,1,1
486,1,1,1,1,1,1,1,1,1,1
487,1,1,1,1,1,1,1,1,1,1
488,1,1,1,1,1,1,1,1,1,1
489,1,1,1,1,1,1,1,1,1,1
490,1,1,1,1,1,1,1,1,1,1
491,1,1,1,1,1,1,1,1,1,1
492,1,1,1,1,1,1,1,1,1,1
493,1,1,1,1,1,1,1,1,1,1
494,1,1,1,1,1,1,1,1,1,1
495,1,1,1,1,1,1,1,1,1,1
496,1,1,1,1,1,1,1,1,1,1
497,1,1,1,1,1,1,1,1,1,1
498,1,1,1,1,1,1,1,1,1,1
499,1,1,1,1,1,1,1,1,1,1
500,1,1,1,1,1,1,1,1,1,1
501,1,0,1,0,1,0,1,0,1,2
502,1,0,1,0,1,0,1,0,1,2
503,1,0,1,0,1,0,1,0,1,2
504,1,0,1,0,1,0,1,0,1,2
505,1,0,1,0,1,0,1,0,1,2
506,1,0,1,0,1,0,1,0,1,2
507,1,0,1,0,1,0,1,0,1,2
508,1,0,1,0,1,0,1,0,1,2
509,1,0,1,0,1,0,1,0,1,2
510,1,0,1,0,1,0,1,0,1,2
511,1,0,1,0,1,0,1,0,1,2
512,1,0,1,0,1,0,1,0,1,2
513,1,0,1,0,1,0,1,0,1,2
514,1,0,1,0,1,0,1,0,1,2
515,1,0,1,0,1,0,1,0,1,2
516,1,0,1,0,1,0,1,0,1,2
517,1,0,1,0,1,0,1,0,1,2
518,1,0,1,0,1,0,1,0,1,2
519,1,0,1,0,1,0,1,0,1,2
520,1,0,1,0,1,0,1,0,1,2
521,1,0,1,0,1,0,1,0,1,2
522,1,0,1,0,1,0,1,0,1,2
523,1,0,1,0,1,0,1,0,1,2
524,1,0,1,0,1,0,1,0,1,2
525,1,0,1,0,1,0,1,0,1,2
526,1,0,1,0,1,0,1,0,1,2
527,1,0,1,0,1,0,1,0,1,2
528,1,0,1,0,1,0,1,0,1,2
529,1,0,1,0,1,0,1,0,1,2
530,1,0,1,0,1,0,1,0,1,2
531,1,0,1,0,1,0,1,0,1,2
532,1,0,1,0,1,0,1,0,1,2
533,1,0,1,0,1,0,1,0,1,2
534,1,0,1,0,1,0,1,0,1,2
535,1,0,1,0,1,0,1,0,1,2
536,1,0,1,0,1,0,1,0,1,2
537,1,0,1,0,1,0,1,0,1,2
538,1,0,1,0,1,0,1,0,1,2
539,1,0,1,0,1,0,1,0,1,2
540,1,0,1,0,1,0,1,0,1,2
541,1,0,1,0,1,0,1,0,1,2
542,1,0,1,0,1,0,1,0,1,2
543,1,0,1,0,1,0,1,0,1,2
544,1,0,1,0,1,0,1,0,1,2
545,1,0,1,0,1,0,1,0,1,2
546,1,0,1,0,1,0,1,0,1,2
547,1,0,1,0,1,0,1,0,1,2
548,1,0,1,0,1,0,1,0,1,2
549,1,0,1,0,1,0,1,0,1,2
550,1,0,1,0,1,0,1,0,1,2
551,1,0,1,0,1,0,1,0,1,2
552,1,0,1,0,1,0,1,0,1,2
553,1,0,1,0,1,0,1,0,1,2
554,1,0,1,0,1,0,1,0,1,2
555,1,0,1,0,1,0,1,0,1,2
556,1,0,1,0,1,0,1,0,1,2
557,1,0,1,0,1,0,1,0,1,2
558,1,0,1,0,1,0,1,0,1,2
559,1,0,1,0,1,0,1,0,1,2
560,1,0,1,0,1,0,1,0,1,2
561,1,0,1,0,1,0,1,0,1,2
562,1,0,1,0,1,0,1,0,1,2
563,1,0,1,0,1,0,1,0,1,2
564,1,0,1,0,1,0,1,0,1,2
565,1,0,1,0,1,0,1,0,1,2
566,1,0,1,0,1,0,1,0,1,2
567,1,0,1,0,1,0,1,0,1,2
568,1,0,1,0,1,0,1,0,1,2
569,1,0,1,0,1,0,1,0,1,2
570,1,0,1,0,1,0,1,0,1,2
571,1,0,1,0,1,0,1,0,1,2
572,1,0,1,0,1,0,1,0,1,2
573,1,0,1,0,1,0,1,0,1,2
574,1,0,1,0,1,0,1,0,1,2
575,1,0,1,0,1,0,1,0,1,2
576,1,0,1,0,1,0,1,0,1,2
577,1,0,1,0,1,0,1,0,1,2
578,1,0,1,0,1,0,1,0,1,2
579,1,0,1,0,1,0,1,0,1,2
580,1,0,1,0,1,0,1,0,1,2
581,1,0,1,0,1,0,1,0,1,2
582,1,0,1,0,1,0,1,0,1,2
583,1,0,1,0,1,0,1,0,1,2
584,1,0,1,0,1,0,1,0,1,2
585,1,0,1,0,1,0,1,0,1,2
586,1,0,1,0,1,0,1,0,1,2
587,1,0,1,0,1,0,1,0,1,2
588,1,0,1,0,1,0,1,0,1,2
589,1,0,1,0,1,0,1,0,1,2
590,1,0,1,0,1,0,1,0,1,2
591,1,0,1,0,1,0,1,0,1,2
592,1,0,1,0,1,0,1,0,1,2
593,1,0,1,0,1,0,1,0,1,2
594,1,0,1,0,1,0,1,0,1,2
595,1,0,1,0,1,0,1,0,1,2
596,1,0,1,0,1,0,1,0,1,2
597,1,0,1,0,1,0,1,0,1,2
598,1,0,1,0,1,0,1,0,1,2
599,1,0,1,0,1,0,1,0,1,2
600,1,0,1,0,1,0,1,0,1,2
601,1,0,1,0,1,0,1,0,1,2
602,1,0,1,0,1,0,1,0,1,2
603,1,0,1,0,1,0,1,0,1,2
604,1,0,1,0,1,0,1,0,1,2
605,1,0,1,0,1,0,1,0,1,2
606,1,0,1,0,1,0,1,0,1,2
607,1,0,1,0,1,0,1,0,1,2
608,1,0,1,0,1,0,1,0,1,2
609,1,0,1,0,1,0,1,0,1,2
610,1,0,1,0,1,0,1,0,1,2
611,1,0,1,0,1,0,1,0,1,2
612,1,0,1,0,1,0,1,0,1,2
613,1,0,1,0,1,0,1,0,1,2
614,1,0,1,0,1,0,1,0,1,2
615,1,0,1,0,1,0,1,0,1,2
616,1,0,1,0,1,0,1,0,1,2
617,1,0,1,0,1,0,1,0,1,2
618,1,0,1,0,1,0,1,0,1,2
619,1,0,1,0,1,0,1,0,1,2
620,1,0,1,0,1,0,1,0,1,2
621,1,0,1,0,1,0,1,0,1,2
622,1,0,1,0,1,0,1,0,1,2
623,1,0,1,0,1,0,1,0,1,2
624,1,0,1,0,1,0,1,0,1,2
625,1,0,1,0,1,0,1,0,1,2
626,1,0,1,0,1,0,1,0,1,2
627,1,0,1,0,1,0,1,0,1,2
628,1,0,1,0,1,0,1,0,1,2
629,1,0,1,0,1,0,1,0,1,2
630,1,0,1,0,1,0,1,0,1,2
631,1,0,1,0,1,0,1,0,1,2
632,1,0,1,0,1,0,1,0,1,2
633,1,0,1,0,1,0,1,0,1,2
634,1,0,1,0,1,0,1,0,1,2
635,1,0,1,0,1,0,1,0,1,2
636,1,0,1,0,1,0,1,0,1,2
637,1,0,1,0,1,0,1,0,1,2
638,1,0,1,0,1,0,1,0,1,2
639,1,0,1,0,1,0,1,0,1,2
640,1,0,1,0,1,0,1,0,1,2
641,1,0,1,0,1,0,1,0,1,2
642,1,0,1,0,1,0,1,0,1,2
643,1,0,1,0,1,0,1,0,1,2
644,1,0,1,0,1,0,1,0,1,2
645,1,0,1,0,1,0,1,0,1,2
646,1,0,1,0,1,0,1,0,1,2
647,1,0,1,0,1,0,1,0,1,2
648,1,0,1,0,1,0,1,0,1,2
649,1,0,1,0,1,0,1,0,1,2
650,1,0,1,0,1,0,1,0,1,2
651,1,0,1,0,1,0,1,0,1,2
652,1,0,1,0,1,0,1,0,1,2
653,1,0,1,0,1,0,1,0,1,2
654,1,0,1,0,1,0,1,0,1,2
655,1,0,1,0,1,0,1,0,1,2
656,1,0,1,0,1,0,1,0,1,2
657,1,0,1,0,1,0,1,0,1,2
658,1,0,1,0,1,0,1,0,1,2
659,1,0,1,0,1,0,1,0,1,2
660,1,0,1,0,1,0,1,0,1,2
661,1,0,1,0,1,0,1,0,1,2
662,1,0,1,0,1,0,1,0,1,2
663,1,0,1,0,1,0,1,0,1,2
664,1,0,1,0,1,0,1,0,1,2
665,1,0,1,0,1,0,1,0,1,2
666,1,0,1,0,1,0,1,0,1,2
667,1,0,1,0,1,0,1,0,1,2
668,1,0,1,0,1,0,1,0,1,2
669,1,0,1,0,1,0,1,0,1,2
670,1,0,1,0,1,0,1,0,1,2
671,1,0,1,0,1,0,1,0,1,2
672,1,0,1,0,1,0,1,0,1,2
673,1,0,1,0,1,0,1,0,1,2
674,1,0,1,0,1,0,1,0,1,2
675,1,0,1,0,1,0,1,0,1,2
676,1,0,1,0,1,0,1,0,1,2
677,1,0,1,0,1,0,1,0,1,2
678,1,0,1,0,1,0,1,0,1,2
679,1,0,1,0,1,0,1,0,1,2
680,1,0,1,0,1,0,1,0,1,2
681,1,0,1,0,1,0,1,0,1,2
682,1,0,1,0,1,0,1,0,1,2
683,1,0,1,0,1,0,1,0,1,2
684,1,0,1,0,1,0,1,0,1,2
685,1,0,1,0,1,0,1,0,1,2
686,1,0,1,0,1,0,1,0,1,2
687,1,0,1,0,1,0,1,0,1,2
688,1,0,1,0,1,0,1,0,1,2
689,1,0,1,0,1,0,1,0,1,2
690,1,0,1,0,1,0,1,0,1,2
691,1,0,1,0,1,0,1,0,1,2
692,1,0,1,0,1,0,1,0,1,2
693,1,0,1,0,1,0,1,0,1,2
694,1,0,1,0,1,0,1,0,1,2
695,1,0,1,0,1,0,1,0,1,2
696,1,0,1,0,1,0,1,0,1,2
697,1,0,1,0,1,0,1,0,1,2
698,1,0,1,0,1,0,1,0,1,2
699,1,0,1,0,1,0,1,0,1,2
700,1,0,1,0,1,0,1,0,1,2
701,1,0,1,0,1,0,1,0,1,2
702,1,0,1,0,1,0,1,0,1,2
703,1,0,1,0,1,0,1,0,1,2
704,1,0,1,0,1,0,1,0,1,2
705,1,0,1,0,1,0,1,0,1,2
706,1,0,1,0,1,0,1,0,1,2
707,1,0,1,0,1,0,1,0,1,2
708,1,0,1,0,1,0,1,0,1,2
709,1,0,1,0,1,0,1,0,1,2
710,1,0,1,0,1,0,1,0,1,2
711,1,0,1,0,1,0,1,0,1,2
712,1,0,1,0,1,0,1,0,1,2
713,1,0,1,0,1,0,1,0,1,2
714,1,0,1,0,1,0,1,0,1,2
715,1,0,1,0,1,0,1,0,1,2
716,1,0,1,0,1,0,1,0,1,2
717,1,0,1,0,1,0,1,0,1,2
718,1,0,1,0,1,0,1,0,1,2
719,1,0,1,0,1,0,1,0,1,2
720,1,0,1,0,1,0,1,0,1,2
721,1,0,1,0,1,0,1,0,1,2
722,1,0,1,0,1,0,1,0,1,2
723,1,0,1,0,1,0,1,0,1,2
724,1,0,1,0,1,0,1,0,1,2
725,1,0,1,0,1,0,1,0,1,2
726,1,0,1,0,1,0,1,0,1,2
727,1,0,1,0,1,0,1,0,1,2
728,1,0,1,0,1,0,1,0,1,2
729,1,0,1,0,1,0,1,0,1,2
730,1,0,1,0,1,0,1,0,1,2
731,1,0,1,0,1,0,1,0,1,2
732,1,0,1,0,1,0,1,0,1,2
733,1,0,1,0,1,0,1,0,1,2
734,1,0,1,0,1,0,1,0,1,2
735,1,0,1,0,1,0,1,0,1,2
736,1,0,1,0,1,0,1,0,1,2
737,1,0,1,0,1,0,1,0,1,2
738,1,0,1,0,1,0,1,0,1,2
739,1,0,1,0,1,0,1,0,1,2
740,1,0,1,0,1,0,1,0,1,2
741,1,0,1,0,1,0,1,0,1,2
742,1,0,1,0,1,0,1,0,1,2
743,1,0,1,0,1,0,1,0,1,2
744,1,0,1,0,1,0,1,0,1,2
745,1,0,1,0,1,0,1,0,1,2
746,1,0,1,0,1,0,1,0,1,2
747,1,0,1,0,1,0,1,0,1,2
748,1,0,1,0,1,0,1,0,1,2
749,1,0,1,0,1,0,1,0,1,2
750,1,0,1,0,1,0,1,0,1,2
751,1,0,1,0,1,0,1,0,1,2
752,1,0,1,0,1,0,1,0,1,2
753,1,0,1,0,1,0,1,0,1,2
754,1,0,1,0,1,0,1,0,1,2
755,1,0,1,0,1,0,1,0,1,2
756,1,0,1,0,1,0,1,0,1,2
757,1,0,1,0,1,0,1,0,1,2
758,1,0,1,0,1,0,1,0,1,2
759,1,0,1,0,1,0,1,0,1,2
760,1,0,1,0,1,0,1,0,1,2
761,1,0,1,0,1,0,1,0,1,2
762,1,0,1,0,1,0,1,0,1,2
763,1,0,1,0,1,0,1,0,1,2
764,1,0,1,0,1,0,1,0,1,2
765,1,0,1,0,1,0,1,0,1,2
766,1,0,1,0,1,0,1,0,1,2
767,1,0,1,0,1,0,1,0,1,2
768,1,0,1,0,1,0,1,0,1,2
769,1,0,1,0,1,0,1,0,1,2
770,1,0,1,0,1,0,1,0,1,2
771,1,0,1,0,1,0,1,0,1,2
772,1,0,1,0,1,0,1,0,1,2
773,1,0,1,0,1,0,1,0,1,2
774,1,0,1,0,1,0,1,0,1,2
775,1,0,1,0,1,0,1,0,1,2
776,1,0,1,0,1,0,1,0,1,2
777,1,0,1,0,1,0,1,0,1,2
778,1,0,1,0,1,0,1,0,1,2
779,1,0,1,0,1,0,1,0,1,2
780,1,0,1,0,1,0,1,0,1,2
781,1,0,1,0,1,0,1,0,1,2
782,1,0,1,0,1,0,1,0,1,2
783,1,0,1,0,1,0,1,0,1,2
784,1,0,1,0,1,0,1,0,1,2
785,1,0,1,0,1,0,1,0,1,2
786,1,0,1,0,1,0,1,0,1,2
787,1,0,1,0,1,0,1,0,1,2
788,1,0,1,0,1,0,1,0,1,2
789,1,0,1,0,1,0,1,0,1,2
790,1,0,1,0,1,0,1,0,1,2
791,1,0,1,0,1,0,1,0,1,2
792,1,0,1,0,1,0,1,0,1,2
793,1,0,1,0,1,0,1,0,1,2
794,1,0,1,0,1,0,1,0,1,2
795,1,0,1,0,1,0,1,0,1,2
796,1,0,1,0,1,0,1,0,1,2
797,1,0,1,0,1,0,1,0,1,2
798,1,0,1,0,1,0,1,0,1,2
799,1,0,1,0,1,0,1,0,1,2
800,1,0,1,0,1,0,1,0,1,2
801,1,0,1,0,1,0,1,0,1,2
802,1,0,1,0,1,0,1,0,1,2
803,1,0,1,0,1,0,1,0,1,2
804,1,0,1,0,1,0,1,0,1,2
805,1,0,1,0,1,0,1,0,1,2
806,1,0,1,0,1,0,1,0,1,2
807,1,0,1,0,1,0,1,0,1,2
808,1,0,1,0,1,0,1,0,1,2
809,1,0,1,0,1,0,1,0,1,2
810,1,0,1,0,1,0,1,0,1,2
811,1,0,1,0,1,0,1,0,1,2
812,1,0,1,0,1,0,1,0,1,2
813,1,0,1,0,1,0,1,0,1,2
814,1,0,1,0,1,0,1,0,1,2
815,1,0,1,0,1,0,1,0,1,2
816,1,0,1,0,1,0,1,0,1,2
817,1,0,1,0,1,0,1,0,1,2
818,1,0,1,0,1,0,1,0,1,2
819,1,0,1,0,1,0,1,0,1,2
820,1,0,1,0,1,0,1,0,1,2
821,1,0,1,0,1,0,1,0,1,2
822,1,0,1,0,1,0,1,0,1,2
823,1,0,1,0,1,0,1,0,1,2
824,1,0,1,0,1,0,1,0,1,2
825,1,0,1,0,1,0,1,0,1,2
826,1,0,1,0,1,0,1,0,1,2
827,1,0,1,0,1,0,1,0,1,2
828,1,0,1,0,1,0,1,0,1,2
829,1,0,1,0,1,0,1,0,1,2
830,1,0,1,0,1,0,1,0,1,2
831,1,0,1,0,1,0,1,0,1,2
832,1,0,1,0,1,0,1,0,1,2
833,1,0,1,0,1,0,1,0,1,2
834,1,0,1,0,1,0,1,0,1,2
835,1,0,1,0,1,0,1,0,1,2
836,1,0,1,0,1,0,1,0,1,2
837,1,0,1,0,1,0,1,0,1,2
838,1,0,1,0,1,0,1,0,1,2
839,1,0,1,0,1,0,1,0,1,2
840,1,0,1,0,1,0,1,0,1,2
841,1,0,1,0,1,0,1,0,1,2
842,1,0,1,0,1,0,1,0,1,2
843,1,0,1,0,1,0,1,0,1,2
844,1,0,1,0,1,0,1,0,1,2
845,1,0,1,0,1,0,1,0,1,2
846,1,0,1,0,1,0,1,0,1,2
847,1,0,1,0,1,0,1,0,1,2
848,1,0,1,0,1,0,1,0,1,2
849,1,0,1,0,1,0,1,0,1,2
850,1,0,1,0,1,0,1,0,1,2
851,1,0,1,0,1,0,1,0,1,2
852,1,0,1,0,1,0,1,0,1,2
853,1,0,1,0,1,0,1,0,1,2
854,1,0,1,0,1,0,1,0,1,2
855,1,0,1,0,1,0,1,0,1,2
856,1,0,1,0,1,0,1,0,1,2
857,1,0,1,0,1,0,1,0,1,2
858,1,0,1,0,1,0,1,0,1,2
859,1,0,1,0,1,0,1,0,1,2
860,1,0,1,0,1,0,1,0,1,2
861,1,0,1,0,1,0,1,0,1,2
862,1,0,1,0,1,0,1,0,1,2
863,1,0,1,0,1,0,1,0,1,2
864,1,0,1,0,1,0,1,0,1,2
865,1,0,1,0,1,0,1,0,1,2
866,1,0,1,0,1,0,1,0,1,2
867,1,0,1,0,1,0,1,0,1,2
868,1,0,1,0,1,0,1,0,1,2
869,1,0,1,0,1,0,1,0,1,2
870,1,0,1,0,1,0,1,0,1,2
871,1,0,1,0,1,0,1,0,1,2
872,1,0,1,0,1,0,1,0,1,2
873,1,0,1,0,1,0,1,0,1,2
874,1,0,1,0,1,0,1,0,1,2
875,1,0,1,0,1,0,1,0,1,2
876,1,0,1,0,1,0,1,0,1,2
877,1,0,1,0,1,0,1,0,1,2
878,1,0,1,0,1,0,1,0,1,2
879,1,0,1,0,1,0,1,0,1,2
880,1,0,1,0,1,0,1,0,1,2
881,1,0,1,0,1,0,1,0,1,2
882,1,0,1,0,1,0,1,0,1,2
883,1,0,1,0,1,0,1,0,1,2
884,1,0,1,0,1,0,1,0,1,2
885,1,0,1,0,1,0,1,0,1,2
886,1,0,1,0,1,0,1,0,1,2
887,1,0,1,0,1,0,1,0,1,2
888,1,0,1,0,1,0,1,0,1,2
889,1,0,1,0,1,0,1,0,1,2
890,1,0,1,0,1,0,1,0,1,2
891,1,0,1,0,1,0,1,0,1,2
892,1,0,1,0,1,0,1,0,1,2
893,1,0,1,0,1,0,1,0,1,2
894,1,0,1,0,1,0,1,0,1,2
895,1,0,1,0,1,0,1,0,1,2
896,1,0,1,0,1,0,1,0,1,2
897,1,0,1,0,1,0,1,0,1,2
898,1,0,1,0,1,0,1,0,1,2
899,1,0,1,0,1,0,1,0,1,2
900,1,0,1,0,1,0,1,0,1,2
901,1,0,1,0,1,0,1,0,1,2
902,1,0,1,0,1,0,1,0,1,2
903,1,0,1,0,1,0,1,0,1,2
904,1,0,1,0,1,0,1,0,1,2
905,1,0,1,0,1,0,1,0,1,2
906,1,0,1,0,1,0,1,0,1,2
907,1,0,1,0,1,0,1,0,1,2
908,1,0,1,0,1,0,1,0,1,2
909,1,0,1,0,1,0,1,0,1,2
910,1,0,1,0,1,0,1,0,1,2
911,1,0,1,0,1,0,1,0,1,2
912,1,0,1,0,1,0,1,0,1,2
913,1,0,1,0,1,0,1,0,1,2
914,1,0,1,0,1,0,1,0,1,2
915,1,0,1,0,1,0,1,0,1,2
916,1,0,1,0,1,0,1,0,1,2
917,1,0,1,0,1,0,1,0,1,2
918,1,0,1,0,1,0,1,0,1,2
919,1,0,1,0,1,0,1,0,1,2
920,1,0,1,0,1,0,1,0,1,2
921,1,0,1,0,1,0,1,0,1,2
922,1,0,1,0,1,0,1,0,1,2
923,1,0,1,0,1,0,1,0,1,2
924,1,0,1,0,1,0,1,0,1,2
925,1,0,1,0,1,0,1,0,1,2
926,1,0,1,0,1,0,1,0,1,2
927,1,0,1,0,1,0,1,0,1,2
928,1,0,1,0,1,0,1,0,1,2
929,1,0,1,0,1,0,1,0,1,2
930,1,0,1,0,1,0,1,0,1,2
931,1,0,1,0,1,0,1,0,1,2
932,1,0,1,0,1,0,1,0,1,2
933,1,0,1,0,1,0,1,0,1,2
934,1,0,1,0,1,0,1,0,1,2
935,1,0,1,0,1,0,1,0,1,2
936,1,0,1,0,1,0,1,0,1,2
937,1,0,1,0,1,0,1,0,1,2
938,1,0,1,0,1,0,1,0,1,2
939,1,0,1,0,1,0,1,0,1,2
940,1,0,1,0,1,0,1,0,1,2
941,1,0,1,0,1,0,1,0,1,2
942,1,0,1,0,1,0,1,0,1,2
943,1,0,1,0,1,0,1,0,1,2
944,1,0,1,0,1,0,1,0,1,2
945,1,0,1,0,1,0,1,0,1,2
946,1,0,1,0,1,0,1,0,1,2
947,1,0,1,0,1,0,1,0,1,2
948,1,0,1,0,1,0,1,0,1,2
949,1,0,1,0,1,0,1,0,1,2
950,1,0,1,0,1,0,1,0,1,2
951,1,0,1,0,1,0,1,0,1,2
952,1,0,1,0,1,0,1,0,1,2
953,1,0,1,0,1,0,1,0,1,2
954,1,0,1,0,1,0,1,0,1,2
955,1,0,1,0,1,0,1,0,1,2
956,1,0,1,0,1,0,1,0,1,2
957,1,0,1,0,1,0,1,0,1,2
958,1,0,1,0,1,0,1,0,1,2
959,1,0,1,0,1,0,1,0,1,2
960,1,0,1,0,1,0,1,0,1,2
961,1,0,1,0,1,0,1,0,1,2
962,1,0,1,0,1,0,1,0,1,2
963,1,0,1,0,1,0,1,0,1,2
964,1,0,1,0,1,0,1,0,1,2
965,1,0,1,0,1,0,1,0,1,2
966,1,0,1,0,1,0,1,0,1,2
967,1,0,1,0,1,0,1,0,1,2
968,1,0,1,0,1,0,1,0,1,2
969,1,0,1,0,1,0,1,0,1,2
970,1,0,1,0,1,0,1,0,1,2
971,1,0,1,0,1,0,1,0,1,2
972,1,0,1,0,1,0,1,0,1,2
973,1,0,1,0,1,0,1,0,1,2
974,1,0,1,0,1,0,1,0,1,2
975,1,0,1,0,1,0,1,0,1,2
976,1,0,1,0,1,0,1,0,1,2
977,1,0,1,0,1,0,1,0,1,2
978,1,0,1,0,1,0,1,0,1,2
979,1,0,1,0,1,0,1,0,1,2
980,1,0,1,0,1,0,1,0,1,2
981,1,0,1,0,1,0,1,0,1,2
982,1,0,1,0,1,0,1,0,1,2
983,1,0,1,0,1,0,1,0,1,2
984,1,0,1,0,1,0,1,0,1,2
985,1,0,1,0,1,0,1,0,1,2
986,1,0,1,0,1,0,1,0,1,2
987,1,0,1,0,1,0,1,0,1,2
988,1,0,1,0,1,0,1,0,1,2
989,1,0,1,0,1,0,1,0,1,2
990,1,0,1,0,1,0,1,0,1,2
991,1,0,1,0,1,0,1,0,1,2
992,1,0,1,0,1,0,1,0,1,2
993,1,0,1,0,1,0,1,0,1,2
994,1,0,1,0,1,0,1,0,1,2
995,1,0,1,0,1,0,1,0,1,2
996,1,0,1,0,1,0,1,0,1,2
997,1,0,1,0,1,0,1,0,1,2
998,1,0,1,0,1,0,1,0,1,2
999,1,0,1,0,1,0,1,0,1,2
1000,1,0,1,0,1,0,1,0,1,2
1001,0,1,0,1,0,1,0,1,0,3
1002,0,1,0,1,0,1,0,1,0,3
1003,0,1,0,1,0,1,0,1,0,3
1004,0,1,0,1,0,1,0,1,0,3
1005,0,1,0,1,0,1,0,1,0,3
1006,0,1,0,1,0,1,0,1,0,3
1007,0,1,0,1,0,1,0,1,0,3
1008,0,1,0,1,0,1,0,1,0,3
1009,0,1,0,1,0,1,0,1,0,3
1010,0,1,0,1,0,1,0,1,0,3
1011,0,1,0,1,0,1,0,1,0,3
1012,0,1,0,1,0,1,0,1,0,3
1013,0,1,0,1,0,1,0,1,0,3
1014,0,1,0,1,0,1,0,1,0,3
1015,0,1,0,1,0,1,0,1,0,3
1016,0,1,0,1,0,1,0,1,0,3
1017,0,1,0,1,0,1,0,1,0,3
1018,0,1,0,1,0,1,0,1,0,3
1019,0,1,0,1,0,1,0,1,0,3
1020,0,1,0,1,0,1,0,1,0,3
1021,0,1,0,1,0,1,0,1,0,3
1022,0,1,0,1,0,1,0,1,0,3
1023,0,1,0,1,0,1,0,1,0,3
1024,0,1,0,1,0,1,0,1,0,3
1025,0,1,0,1,0,1,0,1,0,3
1026,0,1,0,1,0,1,0,1,0,3
1027,0,1,0,1,0,1,0,1,0,3
1028,0,1,0,1,0,1,0,1,0,3
1029,0,1,0,1,0,1,0,1,0,3
1030,0,1,0,1,0,1,0,1,0,3
1031,0,1,0,1,0,1,0,1,0,3
1032,0,1,0,1,0,1,0,1,0,3
1033,0,1,0,1,0,1,0,1,0,3
1034,0,1,0,1,0,1,0,1,0,3
1035,0,1,0,1,0,1,0,1,0,3
1036,0,1,0,1,0,1,0,1,0,3
1037,0,1,0,1,0,1,0,1,0,3
1038,0,1,0,1,0,1,0,1,0,3
1039,0,1,0,1,0,1,0,1,0,3
1040,0,1,0,1,0,1,0,1,0,3
1041,0,1,0,1,0,1,0,1,0,3
1042,0,1,0,1,0,1,0,1,0,3
1043,0,1,0,1,0,1,0,1,0,3
1044,0,1,0,1,0,1,0,1,0,3
1045,0,1,0,1,0,1,0,1,0,3
1046,0,1,0,1,0,1,0,1,0,3
1047,0,1,0,1,0,1,0,1,0,3
1048,0,1,0,1,0,1,0,1,0,3
1049,0,1,0,1,0,1,0,1,0,3
1050,0,1,0,1,0,1,0,1,0,3
1051,0,1,0,1,0,1,0,1,0,3
1052,0,1,0,1,0,1,0,1,0,3
1053,0,1,0,1,0,1,0,1,0,3
1054,0,1,0,1,0,1,0,1,0,3
1055,0,1,0,1,0,1,0,1,0,3
1056,0,1,0,1,0,1,0,1,0,3
1057,0,1,0,1,0,1,0,1,0,3
1058,0,1,0,1,0,1,0,1,0,3
1059,0,1,0,1,0,1,0,1,0,3
1060,0,1,0,1,0,1,0,1,0,3
1061,0,1,0,1,0,1,0,1,0,3
1062,0,1,0,1,0,1,0,1,0,3
1063,0,1,0,1,0,1,0,1,0,3
1064,0,1,0,1,0,1,0,1,0,3
1065,0,1,0,1,0,1,0,1,0,3
1066,0,1,0,1,0,1,0,1,0,3
1067,0,1,0,1,0,1,0,1,0,3
1068,0,1,0,1,0,1,0,1,0,3
1069,0,1,0,1,0,1,0,1,0,3
1070,0,1,0,1,0,1,0,1,0,3
1071,0,1,0,1,0,1,0,1,0,3
1072,0,1,0,1,0,1,0,1,0,3
1073,0,1,0,1,0,1,0,1,0,3
1074,0,1,0,1,0,1,0,1,0,3
1075,0,1,0,1,0,1,0,1,0,3
1076,0,1,0,1,0,1,0,1,0,3
1077,0,1,0,1,0,1,0,1,0,3
1078,0,1,0,1,0,1,0,1,0,3
1079,0,1,0,1,0,1,0,1,0,3
1080,0,1,0,1,0,1,0,1,0,3
1081,0,1,0,1,0,1,0,1,0,3
1082,0,1,0,1,0,1,0,1,0,3
1083,0,1,0,1,0,1,0,1,0,3
1084,0,1,0,1,0,1,0,1,0,3
1085,0,1,0,1,0,1,0,1,0,3
1086,0,1,0,1,0,1,0,1,0,3
1087,0,1,0,1,0,1,0,1,0,3
1088,0,1,0,1,0,1,0,1,0,3
1089,0,1,0,1,0,1,0,1,0,3
1090,0,1,0,1,0,1,0,1,0,3
1091,0,1,0,1,0,1,0,1,0,3
1092,0,1,0,1,0,1,0,1,0,3
1093,0,1,0,1,0,1,0,1,0,3
1094,0,1,0,1,0,1,0,1,0,3
1095,0,1,0,1,0,1,0,1,0,3
1096,0,1,0,1,0,1,0,1,0,3
1097,0,1,0,1,0,1,0,1,0,3
1098,0,1,0,1,0,1,0,1,0,3
1099,0,1,0,1,0,1,0,1,0,3
1100,0,1,0,1,0,1,0,1,0,3
1101,0,1,0,1,0,1,0,1,0,3
1102,0,1,0,1,0,1,0,1,0,3
1103,0,1,0,1,0,1,0,1,0,3
1104,0,1,0,1,0,1,0,1,0,3
1105,0,1,0,1,0,1,0,1,0,3
1106,0,1,0,1,0,1,0,1,0,3
1107,0,1,0,1,0,1,0,1,0,3
1108,0,1,0,1,0,1,0,1,0,3
1109,0,1,0,1,0,1,0,1,0,3
1110,0,1,0,1,0,1,0,1,0,3
1111,0,1,0,1,0,1,0,1,0,3
1112,0,1,0,1,0,1,0,1,0,3
1113,0,1,0,1,0,1,0,1,0,3
1114,0,1,0,1,0,1,0,1,0,3
1115,0,1,0,1,0,1,0,1,0,3
1116,0,1,0,1,0,1,0,1,0,3
1117,0,1,0,1,0,1,0,1,0,3
1118,0,1,0,1,0,1,0,1,0,3
1119,0,1,0,1,0,1,0,1,0,3
1120,0,1,0,1,0,1,0,1,0,3
1121,0,1,0,1,0,1,0,1,0,3
1122,0,1,0,1,0,1,0,1,0,3
1123,0,1,0,1,0,1,0,1,0,3
1124,0,1,0,1,0,1,0,1,0,3
1125,0,1,0,1,0,1,0,1,0,3
1126,0,1,0,1,0,1,0,1,0,3
1127,0,1,0,1,0,1,0,1,0,3
1128,0,1,0,1,0,1,0,1,0,3
1129,0,1,0,1,0,1,0,1,0,3
1130,0,1,0,1,0,1,0,1,0,3
1131,0,1,0,1,0,1,0,1,0,3
1132,0,1,0,1,0,1,0,1,0,3
1133,0,1,0,1,0,1,0,1,0,3
1134,0,1,0,1,0,1,0,1,0,3
1135,0,1,0,1,0,1,0,1,0,3
1136,0,1,0,1,0,1,0,1,0,3
1137,0,1,0,1,0,1,0,1,0,3
1138,0,1,0,1,0,1,0,1,0,3
1139,0,1,0,1,0,1,0,1,0,3
1140,0,1,0,1,0,1,0,1,0,3
1141,0,1,0,1,0,1,0,1,0,3
1142,0,1,0,1,0,1,0,1,0,3
1143,0,1,0,1,0,1,0,1,0,3
1144,0,1,0,1,0,1,0,1,0,3
1145,0,1,0,1,0,1,0,1,0,3
1146,0,1,0,1,0,1,0,1,0,3
1147,0,1,0,1,0,1,0,1,0,3
1148,0,1,0,1,0,1,0,1,0,3
1149,0,1,0,1,0,1,0,1,0,3
1150,0,1,0,1,0,1,0,1,0,3
1151,0,1,0,1,0,1,0,1,0,3
1152,0,1,0,1,0,1,0,1,0,3
1153,0,1,0,1,0,1,0,1,0,3
1154,0,1,0,1,0,1,0,1,0,3
1155,0,1,0,1,0,1,0,1,0,3
1156,0,1,0,1,0,1,0,1,0,3
1157,0,1,0,1,0,1,0,1,0,3
1158,0,1,0,1,0,1,0,1,0,3
1159,0,1,0,1,0,1,0,1,0,3
1160,0,1,0,1,0,1,0,1,0,3
1161,0,1,0,1,0,1,0,1,0,3
1162,0,1,0,1,0,1,0,1,0,3
1163,0,1,0,1,0,1,0,1,0,3
1164,0,1,0,1,0,1,0,1,0,3
1165,0,1,0,1,0,1,0,1,0,3
1166,0,1,0,1,0,1,0,1,0,3
1167,0,1,0,1,0,1,0,1,0,3
1168,0,1,0,1,0,1,0,1,0,3
1169,0,1,0,1,0,1,0,1,0,3
1170,0,1,0,1,0,1,0,1,0,3
1171,0,1,0,1,0,1,0,1,0,3
1172,0,1,0,1,0,1,0,1,0,3
1173,0,1,0,1,0,1,0,1,0,3
1174,0,1,0,1,0,1,0,1,0,3
1175,0,1,0,1,0,1,0,1,0,3
1176,0,1,0,1,0,1,0,1,0,3
1177,0,1,0,1,0,1,0,1,0,3
1178,0,1,0,1,0,1,0,1,0,3
1179,0,1,0,1,0,1,0,1,0,3
1180,0,1,0,1,0,1,0,1,0,3
1181,0,1,0,1,0,1,0,1,0,3
1182,0,1,0,1,0,1,0,1,0,3
1183,0,1,0,1,0,1,0,1,0,3
1184,0,1,0,1,0,1,0,1,0,3
1185,0,1,0,1,0,1,0,1,0,3
1186,0,1,0,1,0,1,0,1,0,3
1187,0,1,0,1,0,1,0,1,0,3
1188,0,1,0,1,0,1,0,1,0,3
1189,0,1,0,1,0,1,0,1,0,3
1190,0,1,0,1,0,1,0,1,0,3
1191,0,1,0,1,0,1,0,1,0,3
1192,0,1,0,1,0,1,0,1,0,3
1193,0,1,0,1,0,1,0,1,0,3
1194,0,1,0,1,0,1,0,1,0,3
1195,0,1,0,1,0,1,0,1,0,3
1196,0,1,0,1,0,1,0,1,0,3
1197,0,1,0,1,0,1,0,1,0,3
1198,0,1,0,1,0,1,0,1,0,3
1199,0,1,0,1,0,1,0,1,0,3
1200,0,1,0,1,0,1,0,1,0,3
1201,0,1,0,1,0,1,0,1,0,3
1202,0,1,0,1,0,1,0,1,0,3
1203,0,1,0,1,0,1,0,1,0,3
1204,0,1,0,1,0,1,0,1,0,3
1205,0,1,0,1,0,1,0,1,0,3
1206,0,1,0,1,0,1,0,1,0,3
1207,0,1,0,1,0,1,0,1,0,3
1208,0,1,0,1,0,1,0,1,0,3
1209,0,1,0,1,0,1,0,1,0,3
1210,0,1,0,1,0,1,0,1,0,3
1211,0,1,0,1,0,1,0,1,0,3
1212,0,1,0,1,0,1,0,1,0,3
1213,0,1,0,1,0,1,0,1,0,3
1214,0,1,0,1,0,1,0,1,0,3
1215,0,1,0,1,0,1,0,1,0,3
1216,0,1,0,1,0,1,0,1,0,3
1217,0,1,0,1,0,1,0,1,0,3
1218,0,1,0,1,0,1,0,1,0,3
1219,0,1,0,1,0,1,0,1,0,3
1220,0,1,0,1,0,1,0,1,0,3
1221,0,1,0,1,0,1,0,1,0,3
1222,0,1,0,1,0,1,0,1,0,3
1223,0,1,0,1,0,1,0,1,0,3
1224,0,1,0,1,0,1,0,1,0,3
1225,0,1,0,1,0,1,0,1,0,3
1226,0,1,0,1,0,1,0,1,0,3
1227,0,1,0,1,0,1,0,1,0,3
1228,0,1,0,1,0,1,0,1,0,3
1229,0,1,0,1,0,1,0,1,0,3
1230,0,1,0,1,0,1,0,1,0,3
1231,0,1,0,1,0,1,0,1,0,3
1232,0,1,0,1,0,1,0,1,0,3
1233,0,1,0,1,0,1,0,1,0,3
1234,0,1,0,1,0,1,0,1,0,3
1235,0,1,0,1,0,1,0,1,0,3
1236,0,1,0,1,0,1,0,1,0,3
1237,0,1,0,1,0,1,0,1,0,3
1238,0,1,0,1,0,1,0,1,0,3
1239,0,1,0,1,0,1,0,1,0,3
1240,0,1,0,1,0,1,0,1,0,3
1241,0,1,0,1,0,1,0,1,0,3
1242,0,1,0,1,0,1,0,1,0,3
1243,0,1,0,1,0,1,0,1,0,3
1244,0,1,0,1,0,1,0,1,0,3
1245,0,1,0,1,0,1,0,1,0,3
1246,0,1,0,1,0,1,0,1,0,3
1247,0,1,0,1,0,1,0,1,0,3
1248,0,1,0,1,0,1,0,1,0,3
1249,0,1,0,1,0,1,0,1,0,3
1250,0,1,0,1,0,1,0,1,0,3
1251,0,1,0,1,0,1,0,1,0,3
1252,0,1,0,1,0,1,0,1,0,3
1253,0,1,0,1,0,1,0,1,0,3
1254,0,1,0,1,0,1,0,1,0,3
1255,0,1,0,1,0,1,0,1,0,3
1256,0,1,0,1,0,1,0,1,0,3
1257,0,1,0,1,0,1,0,1,0,3
1258,0,1,0,1,0,1,0,1,0,3
1259,0,1,0,1,0,1,0,1,0,3
1260,0,1,0,1,0,1,0,1,0,3
1261,0,1,0,1,0,1,0,1,0,3
1262,0,1,0,1,0,1,0,1,0,3
1263,0,1,0,1,0,1,0,1,0,3
1264,0,1,0,1,0,1,0,1,0,3
1265,0,1,0,1,0,1,0,1,0,3
1266,0,1,0,1,0,1,0,1,0,3
1267,0,1,0,1,0,1,0,1,0,3
1268,0,1,0,1,0,1,0,1,0,3
1269,0,1,0,1,0,1,0,1,0,3
1270,0,1,0,1,0,1,0,1,0,3
1271,0,1,0,1,0,1,0,1,0,3
1272,0,1,0,1,0,1,0,1,0,3
1273,0,1,0,1,0,1,0,1,0,3
1274,0,1,0,1,0,1,0,1,0,3
1275,0,1,0,1,0,1,0,1,0,3
1276,0,1,0,1,0,1,0,1,0,3
1277,0,1,0,1,0,1,0,1,0,3
1278,0,1,0,1,0,1,0,1,0,3
1279,0,1,0,1,0,1,0,1,0,3
1280,0,1,0,1,0,1,0,1,0,3
1281,0,1,0,1,0,1,0,1,0,3
1282,0,1,0,1,0,1,0,1,0,3
1283,0,1,0,1,0,1,0,1,0,3
1284,0,1,0,1,0,1,0,1,0,3
1285,0,1,0,1,0,1,0,1,0,3
1286,0,1,0,1,0,1,0,1,0,3
1287,0,1,0,1,0,1,0,1,0,3
1288,0,1,0,1,0,1,0,1,0,3
1289,0,1,0,1,0,1,0,1,0,3
1290,0,1,0,1,0,1,0,1,0,3
1291,0,1,0,1,0,1,0,1,0,3
1292,0,1,0,1,0,1,0,1,0,3
1293,0,1,0,1,0,1,0,1,0,3
1294,0,1,0,1,0,1,0,1,0,3
1295,0,1,0,1,0,1,0,1,0,3
1296,0,1,0,1,0,1,0,1,0,3
1297,0,1,0,1,0,1,0,1,0,3
1298,0,1,0,1,0,1,0,1,0,3
1299,0,1,0,1,0,1,0,1,0,3
1300,0,1,0,1,0,1,0,1,0,3
1301,0,1,0,1,0,1,0,1,0,3
1302,0,1,0,1,0,1,0,1,0,3
1303,0,1,0,1,0,1,0,1,0,3
1304,0,1,0,1,0,1,0,1,0,3
1305,0,1,0,1,0,1,0,1,0,3
1306,0,1,0,1,0,1,0,1,0,3
1307,0,1,0,1,0,1,0,1,0,3
1308,0,1,0,1,0,1,0,1,0,3
1309,0,1,0,1,0,1,0,1,0,3
1310,0,1,0,1,0,1,0,1,0,3
1311,0,1,0,1,0,1,0,1,0,3
1312,0,1,0,1,0,1,0,1,0,3
1313,0,1,0,1,0,1,0,1,0,3
1314,0,1,0,1,0,1,0,1,0,3
1315,0,1,0,1,0,1,0,1,0,3
1316,0,1,0,1,0,1,0,1,0,3
1317,0,1,0,1,0,1,0,1,0,3
1318,0,1,0,1,0,1,0,1,0,3
1319,0,1,0,1,0,1,0,1,0,3
1320,0,1,0,1,0,1,0,1,0,3
1321,0,1,0,1,0,1,0,1,0,3
1322,0,1,0,1,0,1,0,1,0,3
1323,0,1,0,1,0,1,0,1,0,3
1324,0,1,0,1,0,1,0,1,0,3
1325,0,1,0,1,0,1,0,1,0,3
1326,0,1,0,1,0,1,0,1,0,3
1327,0,1,0,1,0,1,0,1,0,3
1328,0,1,0,1,0,1,0,1,0,3
1329,0,1,0,1,0,1,0,1,0,3
1330,0,1,0,1,0,1,0,1,0,3
1331,0,1,0,1,0,1,0,1,0,3
1332,0,1,0,1,0,1,0,1,0,3
1333,0,1,0,1,0,1,0,1,0,3
1334,0,1,0,1,0,1,0,1,0,3
1335,0,1,0,1,0,1,0,1,0,3
1336,0,1,0,1,0,1,0,1,0,3
1337,0,1,0,1,0,1,0,1,0,3
1338,0,1,0,1,0,1,0,1,0,3
1339,0,1,0,1,0,1,0,1,0,3
1340,0,1,0,1,0,1,0,1,0,3
1341,0,1,0,1,0,1,0,1,0,3
1342,0,1,0,1,0,1,0,1,0,3
1343,0,1,0,1,0,1,0,1,0,3
1344,0,1,0,1,0,1,0,1,0,3
1345,0,1,0,1,0,1,0,1,0,3
1346,0,1,0,1,0,1,0,1,0,3
1347,0,1,0,1,0,1,0,1,0,3
1348,0,1,0,1,0,1,0,1,0,3
1349,0,1,0,1,0,1,0,1,0,3
1350,0,1,0,1,0,1,0,1,0,3
1351,0,1,0,1,0,1,0,1,0,3
1352,0,1,0,1,0,1,0,1,0,3
1353,0,1,0,1,0,1,0,1,0,3
1354,0,1,0,1,0,1,0,1,0,3
1355,0,1,0,1,0,1,0,1,0,3
1356,0,1,0,1,0,1,0,1,0,3
1357,0,1,0,1,0,1,0,1,0,3
1358,0,1,0,1,0,1,0,1,0,3
1359,0,1,0,1,0,1,0,1,0,3
1360,0,1,0,1,0,1,0,1,0,3
1361,0,1,0,1,0,1,0,1,0,3
1362,0,1,0,1,0,1,0,1,0,3
1363,0,1,0,1,0,1,0,1,0,3
1364,0,1,0,1,0,1,0,1,0,3
1365,0,1,0,1,0,1,0,1,0,3
1366,0,1,0,1,0,1,0,1,0,3
1367,0,1,0,1,0,1,0,1,0,3
1368,0,1,0,1,0,1,0,1,0,3
1369,0,1,0,1,0,1,0,1,0,3
1370,0,1,0,1,0,1,0,1,0,3
1371,0,1,0,1,0,1,0,1,0,3
1372,0,1,0,1,0,1,0,1,0,3
1373,0,1,0,1,0,1,0,1,0,3
1374,0,1,0,1,0,1,0,1,0,3
1375,0,1,0,1,0,1,0,1,0,3
1376,0,1,0,1,0,1,0,1,0,3
1377,0,1,0,1,0,1,0,1,0,3
1378,0,1,0,1,0,1,0,1,0,3
1379,0,1,0,1,0,1,0,1,0,3
1380,0,1,0,1,0,1,0,1,0,3
1381,0,1,0,1,0,1,0,1,0,3
1382,0,1,0,1,0,1,0,1,0,3
1383,0,1,0,1,0,1,0,1,0,3
1384,0,1,0,1,0,1,0,1,0,3
1385,0,1,0,1,0,1,0,1,0,3
1386,0,1,0,1,0,1,0,1,0,3
1387,0,1,0,1,0,1,0,1,0,3
1388,0,1,0,1,0,1,0,1,0,3
1389,0,1,0,1,0,1,0,1,0,3
1390,0,1,0,1,0,1,0,1,0,3
1391,0,1,0,1,0,1,0,1,0,3
1392,0,1,0,1,0,1,0,1,0,3
1393,0,1,0,1,0,1,0,1,0,3
1394,0,1,0,1,0,1,0,1,0,3
1395,0,1,0,1,0,1,0,1,0,3
1396,0,1,0,1,0,1,0,1,0,3
1397,0,1,0,1,0,1,0,1,0,3
1398,0,1,0,1,0,1,0,1,0,3
1399,0,1,0,1,0,1,0,1,0,3
1400,0,1,0,1,0,1,0,1,0,3
1401,0,1,0,1,0,1,0,1,0,3
1402,0,1,0,1,0,1,0,1,0,3
1403,0,1,0,1,0,1,0,1,0,3
1404,0,1,0,1,0,1,0,1,0,3
1405,0,1,0,1,0,1,0,1,0,3
1406,0,1,0,1,0,1,0,1,0,3
1407,0,1,0,1,0,1,0,1,0,3
1408,0,1,0,1,0,1,0,1,0,3
1409,0,1,0,1,0,1,0,1,0,3
1410,0,1,0,1,0,1,0,1,0,3
1411,0,1,0,1,0,1,0,1,0,3
1412,0,1,0,1,0,1,0,1,0,3
1413,0,1,0,1,0,1,0,1,0,3
1414,0,1,0,1,0,1,0,1,0,3
1415,0,1,0,1,0,1,0,1,0,3
1416,0,1,0,1,0,1,0,1,0,3
1417,0,1,0,1,0,1,0,1,0,3
1418,0,1,0,1,0,1,0,1,0,3
1419,0,1,0,1,0,1,0,1,0,3
1420,0,1,0,1,0,1,0,1,0,3
1421,0,1,0,1,0,1,0,1,0,3
1422,0,1,0,1,0,1,0,1,0,3
1423,0,1,0,1,0,1,0,1,0,3
1424,0,1,0,1,0,1,0,1,0,3
1425,0,1,0,1,0,1,0,1,0,3
1426,0,1,0,1,0,1,0,1,0,3
1427,0,1,0,1,0,1,0,1,0,3
1428,0,1,0,1,0,1,0,1,0,3
1429,0,1,0,1,0,1,0,1,0,3
1430,0,1,0,1,0,1,0,1,0,3
1431,0,1,0,1,0,1,0,1,0,3
1432,0,1,0,1,0,1,0,1,0,3
1433,0,1,0,1,0,1,0,1,0,3
1434,0,1,0,1,0,1,0,1,0,3
1435,0,1,0,1,0,1,0,1,0,3
1436,0,1,0,1,0,1,0,1,0,3
1437,0,1,0,1,0,1,0,1,0,3
1438,0,1,0,1,0,1,0,1,0,3
1439,0,1,0,1,0,1,0,1,0,3
1440,0,1,0,1,0,1,0,1,0,3
1441,0,1,0,1,0,1,0,1,0,3
1442,0,1,0,1,0,1,0,1,0,3
1443,0,1,0,1,0,1,0,1,0,3
1444,0,1,0,1,0,1,0,1,0,3
1445,0,1,0,1,0,1,0,1,0,3
1446,0,1,0,1,0,1,0,1,0,3
1447,0,1,0,1,0,1,0,1,0,3
1448,0,1,0,1,0,1,0,1,0,3
1449,0,1,0,1,0,1,0,1,0,3
1450,0,1,0,1,0,1,0,1,0,3
1451,0,1,0,1,0,1,0,1,0,3
1452,0,1,0,1,0,1,0,1,0,3
1453,0,1,0,1,0,1,0,1,0,3
1454,0,1,0,1,0,1,0,1,0,3
1455,0,1,0,1,0,1,0,1,0,3
1456,0,1,0,1,0,1,0,1,0,3
1457,0,1,0,1,0,1,0,1,0,3
1458,0,1,0,1,0,1,0,1,0,3
1459,0,1,0,1,0,1,0,1,0,3
1460,0,1,0,1,0,1,0,1,0,3
1461,0,1,0,1,0,1,0,1,0,3
1462,0,1,0,1,0,1,0,1,0,3
1463,0,1,0,1,0,1,0,1,0,3
1464,0,1,0,1,0,1,0,1,0,3
1465,0,1,0,1,0,1,0,1,0,3
1466,0,1,0,1,0,1,0,1,0,3
1467,0,1,0,1,0,1,0,1,0,3
1468,0,1,0,1,0,1,0,1,0,3
1469,0,1,0,1,0,1,0,1,0,3
1470,0,1,0,1,0,1,0,1,0,3
1471,0,1,0,1,0,1,0,1,0,3
1472,0,1,0,1,0,1,0,1,0,3
1473,0,1,0,1,0,1,0,1,0,3
1474,0,1,0,1,0,1,0,1,0,3
1475,0,1,0,1,0,1,0,1,0,3
1476,0,1,0,1,0,1,0,1,0,3
1477,0,1,0,1,0,1,0,1,0,3
1478,0,1,0,1,0,1,0,1,0,3
1479,0,1,0,1,0,1,0,1,0,3
1480,0,1,0,1,0,1,0,1,0,3
1481,0,1,0,1,0,1,0,1,0,3
1482,0,1,0,1,0,1,0,1,0,3
1483,0,1,0,1,0,1,0,1,0,3
1484,0,1,0,1,0,1,0,1,0,3
1485,0,1,0,1,0,1,0,1,0,3
1486,0,1,0,1,0,1,0,1,0,3
1487,0,1,0,1,0,1,0,1,0,3
1488,0,1,0,1,0,1,0,1,0,3
1489,0,1,0,1,0,1,0,1,0,3
1490,0,1,0,1,0,1,0,1,0,3
1491,0,1,0,1,0,1,0,1,0,3
1492,0,1,0,1,0,1,0,1,0,3
1493,0,1,0,1,0,1,0,1,0,3
1494,0,1,0,1,0,1,0,1,0,3
1495,0,1,0,1,0,1,0,1,0,3
1496,0,1,0,1,0,1,0,1,0,3
1497,0,1,0,1,0,1,0,1,0,3
1498,0,1,0,1,0,1,0,1,0,3
1499,0,1,0,1,0,1,0,1,0,3
1500,0,1,0,1,0,1,0,1,0,3
1501,0,0,0,0,0,0,0,0,0,4
1502,0,0,0,0,0,0,0,0,0,4
1503,0,0,0,0,0,0,0,0,0,4
1504,0,0,0,0,0,0,0,0,0,4
1505,0,0,0,0,0,0,0,0,0,4
1506,0,0,0,0,0,0,0,0,0,4
1507,0,0,0,0,0,0,0,0,0,4
1508,0,0,0,0,0,0,0,0,0,4
1509,0,0,0,0,0,0,0,0,0,4
1510,0,0,0,0,0,0,0,0,0,4
1511,0,0,0,0,0,0,0,0,0,4
1512,0,0,0,0,0,0,0,0,0,4
1513,0,0,0,0,0,0,0,0,0,4
1514,0,0,0,0,0,0,0,0,0,4
1515,0,0,0,0,0,0,0,0,0,4
1516,0,0,0,0,0,0,0,0,0,4
1517,0,0,0,0,0,0,0,0,0,4
1518,0,0,0,0,0,0,0,0,0,4
1519,0,0,0,0,0,0,0,0,0,4
1520,0,0,0,0,0,0,0,0,0,4
1521,0,0,0,0,0,0,0,0,0,4
1522,0,0,0,0,0,0,0,0,0,4
1523,0,0,0,0,0,0,0,0,0,4
1524,0,0,0,0,0,0,0,0,0,4
1525,0,0,0,0,0,0,0,0,0,4
1526,0,0,0,0,0,0,0,0,0,4
1527,0,0,0,0,0,0,0,0,0,4
1528,0,0,0,0,0,0,0,0,0,4
1529,0,0,0,0,0,0,0,0,0,4
1530,0,0,0,0,0,0,0,0,0,4
1531,0,0,0,0,0,0,0,0,0,4
1532,0,0,0,0,0,0,0,0,0,4
1533,0,0,0,0,0,0,0,0,0,4
1534,0,0,0,0,0,0,0,0,0,4
1535,0,0,0,0,0,0,0,0,0,4
1536,0,0,0,0,0,0,0,0,0,4
1537,0,0,0,0,0,0,0,0,0,4
1538,0,0,0,0,0,0,0,0,0,4
1539,0,0,0,0,0,0,0,0,0,4
1540,0,0,0,0,0,0,0,0,0,4
1541,0,0,0,0,0,0,0,0,0,4
1542,0,0,0,0,0,0,0,0,0,4
1543,0,0,0,0,0,0,0,0,0,4
1544,0,0,0,0,0,0,0,0,0,4
1545,0,0,0,0,0,0,0,0,0,4
1546,0,0,0,0,0,0,0,0,0,4
1547,0,0,0,0,0,0,0,0,0,4
1548,0,0,0,0,0,0,0,0,0,4
1549,0,0,0,0,0,0,0,0,0,4
1550,0,0,0,0,0,0,0,0,0,4
1551,0,0,0,0,0,0,0,0,0,4
1552,0,0,0,0,0,0,0,0,0,4
1553,0,0,0,0,0,0,0,0,0,4
1554,0,0,0,0,0,0,0,0,0,4
1555,0,0,0,0,0,0,0,0,0,4
1556,0,0,0,0,0,0,0,0,0,4
1557,0,0,0,0,0,0,0,0,0,4
1558,0,0,0,0,0,0,0,0,0,4
1559,0,0,0,0,0,0,0,0,0,4
1560,0,0,0,0,0,0,0,0,0,4
1561,0,0,0,0,0,0,0,0,0,4
1562,0,0,0,0,0,0,0,0,0,4
1563,0,0,0,0,0,0,0,0,0,4
1564,0,0,0,0,0,0,0,0,0,4
1565,0,0,0,0,0,0,0,0,0,4
1566,0,0,0,0,0,0,0,0,0,4
1567,0,0,0,0,0,0,0,0,0,4
1568,0,0,0,0,0,0,0,0,0,4
1569,0,0,0,0,0,0,0,0,0,4
1570,0,0,0,0,0,0,0,0,0,4
1571,0,0,0,0,0,0,0,0,0,4
1572,0,0,0,0,0,0,0,0,0,4
1573,0,0,0,0,0,0,0,0,0,4
1574,0,0,0,0,0,0,0,0,0,4
1575,0,0,0,0,0,0,0,0,0,4
1576,0,0,0,0,0,0,0,0,0,4
1577,0,0,0,0,0,0,0,0,0,4
1578,0,0,0,0,0,0,0,0,0,4
1579,0,0,0,0,0,0,0,0,0,4
1580,0,0,0,0,0,0,0,0,0,4
1581,0,0,0,0,0,0,0,0,0,4
1582,0,0,0,0,0,0,0,0,0,4
1583,0,0,0,0,0,0,0,0,0,4
1584,0,0,0,0,0,0,0,0,0,4
1585,0,0,0,0,0,0,0,0,0,4
1586,0,0,0,0,0,0,0,0,0,4
1587,0,0,0,0,0,0,0,0,0,4
1588,0,0,0,0,0,0,0,0,0,4
1589,0,0,0,0,0,0,0,0,0,4
1590,0,0,0,0,0,0,0,0,0,4
1591,0,0,0,0,0,0,0,0,0,4
1592,0,0,0,0,0,0,0,0,0,4
1593,0,0,0,0,0,0,0,0,0,4
1594,0,0,0,0,0,0,0,0,0,4
1595,0,0,0,0,0,0,0,0,0,4
1596,0,0,0,0,0,0,0,0,0,4
1597,0,0,0,0,0,0,0,0,0,4
1598,0,0,0,0,0,0,0,0,0,4
1599,0,0,0,0,0,0,0,0,0,4
1600,0,0,0,0,0,0,0,0,0,4
1601,0,0,0,0,0,0,0,0,0,4
1602,0,0,0,0,0,0,0,0,0,4
1603,0,0,0,0,0,0,0,0,0,4
1604,0,0,0,0,0,0,0,0,0,4
1605,0,0,0,0,0,0,0,0,0,4
1606,0,0,0,0,0,0,0,0,0,4
1607,0,0,0,0,0,0,0,0,0,4
1608,0,0,0,0,0,0,0,0,0,4
1609,0,0,0,0,0,0,0,0,0,4
1610,0,0,0,0,0,0,0,0,0,4
1611,0,0,0,0,0,0,0,0,0,4
1612,0,0,0,0,0,0,0,0,0,4
1613,0,0,0,0,0,0,0,0,0,4
1614,0,0,0,0,0,0,0,0,0,4
1615,0,0,0,0,0,0,0,0,0,4
1616,0,0,0,0,0,0,0,0,0,4
1617,0,0,0,0,0,0,0,0,0,4
1618,0,0,0,0,0,0,0,0,0,4
1619,0,0,0,0,0,0,0,0,0,4
1620,0,0,0,0,0,0,0,0,0,4
1621,0,0,0,0,0,0,0,0,0,4
1622,0,0,0,0,0,0,0,0,0,4
1623,0,0,0,0,0,0,0,0,0,4
1624,0,0,0,0,0,0,0,0,0,4
1625,0,0,0,0,0,0,0,0,0,4
1626,0,0,0,0,0,0,0,0,0,4
1627,0,0,0,0,0,0,0,0,0,4
1628,0,0,0,0,0,0,0,0,0,4
1629,0,0,0,0,0,0,0,0,0,4
1630,0,0,0,0,0,0,0,0,0,4
1631,0,0,0,0,0,0,0,0,0,4
1632,0,0,0,0,0,0,0,0,0,4
1633,0,0,0,0,0,0,0,0,0,4
1634,0,0,0,0,0,0,0,0,0,4
1635,0,0,0,0,0,0,0,0,0,4
1636,0,0,0,0,0,0,0,0,0,4
1637,0,0,0,0,0,0,0,0,0,4
1638,0,0,0,0,0,0,0,0,0,4
1639,0,0,0,0,0,0,0,0,0,4
1640,0,0,0,0,0,0,0,0,0,4
1641,0,0,0,0,0,0,0,0,0,4
1642,0,0,0,0,0,0,0,0,0,4
1643,0,0,0,0,0,0,0,0,0,4
1644,0,0,0,0,0,0,0,0,0,4
1645,0,0,0,0,0,0,0,0,0,4
1646,0,0,0,0,0,0,0,0,0,4
1647,0,0,0,0,0,0,0,0,0,4
1648,0,0,0,0,0,0,0,0,0,4
1649,0,0,0,0,0,0,0,0,0,4
1650,0,0,0,0,0,0,0,0,0,4
1651,0,0,0,0,0,0,0,0,0,4
1652,0,0,0,0,0,0,0,0,0,4
1653,0,0,0,0,0,0,0,0,0,4
1654,0,0,0,0,0,0,0,0,0,4
1655,0,0,0,0,0,0,0,0,0,4
1656,0,0,0,0,0,0,0,0,0,4
1657,0,0,0,0,0,0,0,0,0,4
1658,0,0,0,0,0,0,0,0,0,4
1659,0,0,0,0,0,0,0,0,0,4
1660,0,0,0,0,0,0,0,0,0,4
1661,0,0,0,0,0,0,0,0,0,4
1662,0,0,0,0,0,0,0,0,0,4
1663,0,0,0,0,0,0,0,0,0,4
1664,0,0,0,0,0,0,0,0,0,4
1665,0,0,0,0,0,0,0,0,0,4
1666,0,0,0,0,0,0,0,0,0,4
1667,0,0,0,0,0,0,0,0,0,4
1668,0,0,0,0,0,0,0,0,0,4
1669,0,0,0,0,0,0,0,0,0,4
1670,0,0,0,0,0,0,0,0,0,4
1671,0,0,0,0,0,0,0,0,0,4
1672,0,0,0,0,0,0,0,0,0,4
1673,0,0,0,0,0,0,0,0,0,4
1674,0,0,0,0,0,0,0,0,0,4
1675,0,0,0,0,0,0,0,0,0,4
1676,0,0,0,0,0,0,0,0,0,4
1677,0,0,0,0,0,0,0,0,0,4
1678,0,0,0,0,0,0,0,0,0,4
1679,0,0,0,0,0,0,0,0,0,4
1680,0,0,0,0,0,0,0,0,0,4
1681,0,0,0,0,0,0,0,0,0,4
1682,0,0,0,0,0,0,0,0,0,4
1683,0,0,0,0,0,0,0,0,0,4
1684,0,0,0,0,0,0,0,0,0,4
1685,0,0,0,0,0,0,0,0,0,4
1686,0,0,0,0,0,0,0,0,0,4
1687,0,0,0,0,0,0,0,0,0,4
1688,0,0,0,0,0,0,0,0,0,4
1689,0,0,0,0,0,0,0,0,0,4
1690,0,0,0,0,0,0,0,0,0,4
1691,0,0,0,0,0,0,0,0,0,4
1692,0,0,0,0,0,0,0,0,0,4
1693,0,0,0,0,0,0,0,0,0,4
1694,0,0,0,0,0,0,0,0,0,4
1695,0,0,0,0,0,0,0,0,0,4
1696,0,0,0,0,0,0,0,0,0,4
1697,0,0,0,0,0,0,0,0,0,4
1698,0,0,0,0,0,0,0,0,0,4
1699,0,0,0,0,0,0,0,0,0,4
1700,0,0,0,0,0,0,0,0,0,4
1701,0,0,0,0,0,0,0,0,0,4
1702,0,0,0,0,0,0,0,0,0,4
1703,0,0,0,0,0,0,0,0,0,4
1704,0,0,0,0,0,0,0,0,0,4
1705,0,0,0,0,0,0,0,0,0,4
1706,0,0,0,0,0,0,0,0,0,4
1707,0,0,0,0,0,0,0,0,0,4
1708,0,0,0,0,0,0,0,0,0,4
1709,0,0,0,0,0,0,0,0,0,4
1710,0,0,0,0,0,0,0,0,0,4
1711,0,0,0,0,0,0,0,0,0,4
1712,0,0,0,0,0,0,0,0,0,4
1713,0,0,0,0,0,0,0,0,0,4
1714,0,0,0,0,0,0,0,0,0,4
1715,0,0,0,0,0,0,0,0,0,4
1716,0,0,0,0,0,0,0,0,0,4
1717,0,0,0,0,0,0,0,0,0,4
1718,0,0,0,0,0,0,0,0,0,4
1719,0,0,0,0,0,0,0,0,0,4
1720,0,0,0,0,0,0,0,0,0,4
1721,0,0,0,0,0,0,0,0,0,4
1722,0,0,0,0,0,0,0,0,0,4
1723,0,0,0,0,0,0,0,0,0,4
1724,0,0,0,0,0,0,0,0,0,4
1725,0,0,0,0,0,0,0,0,0,4
1726,0,0,0,0,0,0,0,0,0,4
1727,0,0,0,0,0,0,0,0,0,4
1728,0,0,0,0,0,0,0,0,0,4
1729,0,0,0,0,0,0,0,0,0,4
1730,0,0,0,0,0,0,0,0,0,4
1731,0,0,0,0,0,0,0,0,0,4
1732,0,0,0,0,0,0,0,0,0,4
1733,0,0,0,0,0,0,0,0,0,4
1734,0,0,0,0,0,0,0,0,0,4
1735,0,0,0,0,0,0,0,0,0,4
1736,0,0,0,0,0,0,0,0,0,4
1737,0,0,0,0,0,0,0,0,0,4
1738,0,0,0,0,0,0,0,0,0,4
1739,0,0,0,0,0,0,0,0,0,4
1740,0,0,0,0,0,0,0,0,0,4
1741,0,0,0,0,0,0,0,0,0,4
1742,0,0,0,0,0,0,0,0,0,4
1743,0,0,0,0,0,0,0,0,0,4
1744,0,0,0,0,0,0,0,0,0,4
1745,0,0,0,0,0,0,0,0,0,4
1746,0,0,0,0,0,0,0,0,0,4
1747,0,0,0,0,0,0,0,0,0,4
1748,0,0,0,0,0,0,0,0,0,4
1749,0,0,0,0,0,0,0,0,0,4
1750,0,0,0,0,0,0,0,0,0,4
1751,0,0,0,0,0,0,0,0,0,4
1752,0,0,0,0,0,0,0,0,0,4
1753,0,0,0,0,0,0,0,0,0,4
1754,0,0,0,0,0,0,0,0,0,4
1755,0,0,0,0,0,0,0,0,0,4
1756,0,0,0,0,0,0,0,0,0,4
1757,0,0,0,0,0,0,0,0,0,4
1758,0,0,0,0,0,0,0,0,0,4
1759,0,0,0,0,0,0,0,0,0,4
1760,0,0,0,0,0,0,0,0,0,4
1761,0,0,0,0,0,0,0,0,0,4
1762,0,0,0,0,0,0,0,0,0,4
1763,0,0,0,0,0,0,0,0,0,4
1764,0,0,0,0,0,0,0,0,0,4
1765,0,0,0,0,0,0,0,0,0,4
1766,0,0,0,0,0,0,0,0,0,4
1767,0,0,0,0,0,0,0,0,0,4
1768,0,0,0,0,0,0,0,0,0,4
1769,0,0,0,0,0,0,0,0,0,4
1770,0,0,0,0,0,0,0,0,0,4
1771,0,0,0,0,0,0,0,0,0,4
1772,0,0,0,0,0,0,0,0,0,4
1773,0,0,0,0,0,0,0,0,0,4
1774,0,0,0,0,0,0,0,0,0,4
1775,0,0,0,0,0,0,0,0,0,4
1776,0,0,0,0,0,0,0,0,0,4
1777,0,0,0,0,0,0,0,0,0,4
1778,0,0,0,0,0,0,0,0,0,4
1779,0,0,0,0,0,0,0,0,0,4
1780,0,0,0,0,0,0,0,0,0,4
1781,0,0,0,0,0,0,0,0,0,4
1782,0,0,0,0,0,0,0,0,0,4
1783,0,0,0,0,0,0,0,0,0,4
1784,0,0,0,0,0,0,0,0,0,4
1785,0,0,0,0,0,0,0,0,0,4
1786,0,0,0,0,0,0,0,0,0,4
1787,0,0,0,0,0,0,0,0,0,4
1788,0,0,0,0,0,0,0,0,0,4
1789,0,0,0,0,0,0,0,0,0,4
1790,0,0,0,0,0,0,0,0,0,4
1791,0,0,0,0,0,0,0,0,0,4
1792,0,0,0,0,0,0,0,0,0,4
1793,0,0,0,0,0,0,0,0,0,4
1794,0,0,0,0,0,0,0,0,0,4
1795,0,0,0,0,0,0,0,0,0,4
1796,0,0,0,0,0,0,0,0,0,4
1797,0,0,0,0,0,0,0,0,0,4
1798,0,0,0,0,0,0,0,0,0,4
1799,0,0,0,0,0,0,0,0,0,4
1800,0,0,0,0,0,0,0,0,0,4
1801,0,0,0,0,0,0,0,0,0,4
1802,0,0,0,0,0,0,0,0,0,4
1803,0,0,0,0,0,0,0,0,0,4
1804,0,0,0,0,0,0,0,0,0,4
1805,0,0,0,0,0,0,0,0,0,4
1806,0,0,0,0,0,0,0,0,0,4
1807,0,0,0,0,0,0,0,0,0,4
1808,0,0,0,0,0,0,0,0,0,4
1809,0,0,0,0,0,0,0,0,0,4
1810,0,0,0,0,0,0,0,0,0,4
1811,0,0,0,0,0,0,0,0,0,4
1812,0,0,0,0,0,0,0,0,0,4
1813,0,0,0,0,0,0,0,0,0,4
1814,0,0,0,0,0,0,0,0,0,4
1815,0,0,0,0,0,0,0,0,0,4
1816,0,0,0,0,0,0,0,0,0,4
1817,0,0,0,0,0,0,0,0,0,4
1818,0,0,0,0,0,0,0,0,0,4
1819,0,0,0,0,0,0,0,0,0,4
1820,0,0,0,0,0,0,0,0,0,4
1821,0,0,0,0,0,0,0,0,0,4
1822,0,0,0,0,0,0,0,0,0,4
1823,0,0,0,0,0,0,0,0,0,4
1824,0,0,0,0,0,0,0,0,0,4
1825,0,0,0,0,0,0,0,0,0,4
1826,0,0,0,0,0,0,0,0,0,4
1827,0,0,0,0,0,0,0,0,0,4
1828,0,0,0,0,0,0,0,0,0,4
1829,0,0,0,0,0,0,0,0,0,4
1830,0,0,0,0,0,0,0,0,0,4
1831,0,0,0,0,0,0,0,0,0,4
1832,0,0,0,0,0,0,0,0,0,4
1833,0,0,0,0,0,0,0,0,0,4
1834,0,0,0,0,0,0,0,0,0,4
1835,0,0,0,0,0,0,0,0,0,4
1836,0,0,0,0,0,0,0,0,0,4
1837,0,0,0,0,0,0,0,0,0,4
1838,0,0,0,0,0,0,0,0,0,4
1839,0,0,0,0,0,0,0,0,0,4
1840,0,0,0,0,0,0,0,0,0,4
1841,0,0,0,0,0,0,0,0,0,4
1842,0,0,0,0,0,0,0,0,0,4
1843,0,0,0,0,0,0,0,0,0,4
1844,0,0,0,0,0,0,0,0,0,4
1845,0,0,0,0,0,0,0,0,0,4
1846,0,0,0,0,0,0,0,0,0,4
1847,0,0,0,0,0,0,0,0,0,4
1848,0,0,0,0,0,0,0,0,0,4
1849,0,0,0,0,0,0,0,0,0,4
1850,0,0,0,0,0,0,0,0,0,4
1851,0,0,0,0,0,0,0,0,0,4
1852,0,0,0,0,0,0,0,0,0,4
1853,0,0,0,0,0,0,0,0,0,4
1854,0,0,0,0,0,0,0,0,0,4
1855,0,0,0,0,0,0,0,0,0,4
1856,0,0,0,0,0,0,0,0,0,4
1857,0,0,0,0,0,0,0,0,0,4
1858,0,0,0,0,0,0,0,0,0,4
1859,0,0,0,0,0,0,0,0,0,4
1860,0,0,0,0,0,0,0,0,0,4
1861,0,0,0,0,0,0,0,0,0,4
1862,0,0,0,0,0,0,0,0,0,4
1863,0,0,0,0,0,0,0,0,0,4
1864,0,0,0,0,0,0,0,0,0,4
1865,0,0,0,0,0,0,0,0,0,4
1866,0,0,0,0,0,0,0,0,0,4
1867,0,0,0,0,0,0,0,0,0,4
1868,0,0,0,0,0,0,0,0,0,4
1869,0,0,0,0,0,0,0,0,0,4
1870,0,0,0,0,0,0,0,0,0,4
1871,0,0,0,0,0,0,0,0,0,4
1872,0,0,0,0,0,0,0,0,0,4
1873,0,0,0,0,0,0,0,0,0,4
1874,0,0,0,0,0,0,0,0,0,4
1875,0,0,0,0,0,0,0,0,0,4
1876,0,0,0,0,0,0,0,0,0,4
1877,0,0,0,0,0,0,0,0,0,4
1878,0,0,0,0,0,0,0,0,0,4
1879,0,0,0,0,0,0,0,0,0,4
1880,0,0,0,0,0,0,0,0,0,4
1881,0,0,0,0,0,0,0,0,0,4
1882,0,0,0,0,0,0,0,0,0,4
1883,0,0,0,0,0,0,0,0,0,4
1884,0,0,0,0,0,0,0,0,0,4
1885,0,0,0,0,0,0,0,0,0,4
1886,0,0,0,0,0,0,0,0,0,4
1887,0,0,0,0,0,0,0,0,0,4
1888,0,0,0,0,0,0,0,0,0,4
1889,0,0,0,0,0,0,0,0,0,4
1890,0,0,0,0,0,0,0,0,0,4
1891,0,0,0,0,0,0,0,0,0,4
1892,0,0,0,0,0,0,0,0,0,4
1893,0,0,0,0,0,0,0,0,0,4
1894,0,0,0,0,0,0,0,0,0,4
1895,0,0,0,0,0,0,0,0,0,4
1896,0,0,0,0,0,0,0,0,0,4
1897,0,0,0,0,0,0,0,0,0,4
1898,0,0,0,0,0,0,0,0,0,4
1899,0,0,0,0,0,0,0,0,0,4
1900,0,0,0,0,0,0,0,0,0,4
1901,0,0,0,0,0,0,0,0,0,4
1902,0,0,0,0,0,0,0,0,0,4
1903,0,0,0,0,0,0,0,0,0,4
1904,0,0,0,0,0,0,0,0,0,4
1905,0,0,0,0,0,0,0,0,0,4
1906,0,0,0,0,0,0,0,0,0,4
1907,0,0,0,0,0,0,0,0,0,4
1908,0,0,0,0,0,0,0,0,0,4
1909,0,0,0,0,0,0,0,0,0,4
1910,0,0,0,0,0,0,0,0,0,4
1911,0,0,0,0,0,0,0,0,0,4
1912,0,0,0,0,0,0,0,0,0,4
1913,0,0,0,0,0,0,0,0,0,4
1914,0,0,0,0,0,0,0,0,0,4
1915,0,0,0,0,0,0,0,0,0,4
1916,0,0,0,0,0,0,0,0,0,4
1917,0,0,0,0,0,0,0,0,0,4
1918,0,0,0,0,0,0,0,0,0,4
1919,0,0,0,0,0,0,0,0,0,4
1920,0,0,0,0,0,0,0,0,0,4
1921,0,0,0,0,0,0,0,0,0,4
1922,0,0,0,0,0,0,0,0,0,4
1923,0,0,0,0,0,0,0,0,0,4
1924,0,0,0,0,0,0,0,0,0,4
1925,0,0,0,0,0,0,0,0,0,4
1926,0,0,0,0,0,0,0,0,0,4
1927,0,0,0,0,0,0,0,0,0,4
1928,0,0,0,0,0,0,0,0,0,4
1929,0,0,0,0,0,0,0,0,0,4
1930,0,0,0,0,0,0,0,0,0,4
1931,0,0,0,0,0,0,0,0,0,4
1932,0,0,0,0,0,0,0,0,0,4
1933,0,0,0,0,0,0,0,0,0,4
1934,0,0,0,0,0,0,0,0,0,4
1935,0,0,0,0,0,0,0,0,0,4
1936,0,0,0,0,0,0,0,0,0,4
1937,0,0,0,0,0,0,0,0,0,4
1938,0,0,0,0,0,0,0,0,0,4
1939,0,0,0,0,0,0,0,0,0,4
1940,0,0,0,0,0,0,0,0,0,4
1941,0,0,0,0,0,0,0,0,0,4
1942,0,0,0,0,0,0,0,0,0,4
1943,0,0,0,0,0,0,0,0,0,4
1944,0,0,0,0,0,0,0,0,0,4
1945,0,0,0,0,0,0,0,0,0,4
1946,0,0,0,0,0,0,0,0,0,4
1947,0,0,0,0,0,0,0,0,0,4
1948,0,0,0,0,0,0,0,0,0,4
1949,0,0,0,0,0,0,0,0,0,4
1950,0,0,0,0,0,0,0,0,0,4
1951,0,0,0,0,0,0,0,0,0,4
1952,0,0,0,0,0,0,0,0,0,4
1953,0,0,0,0,0,0,0,0,0,4
1954,0,0,0,0,0,0,0,0,0,4
1955,0,0,0,0,0,0,0,0,0,4
1956,0,0,0,0,0,0,0,0,0,4
1957,0,0,0,0,0,0,0,0,0,4
1958,0,0,0,0,0,0,0,0,0,4
1959,0,0,0,0,0,0,0,0,0,4
1960,0,0,0,0,0,0,0,0,0,4
1961,0,0,0,0,0,0,0,0,0,4
1962,0,0,0,0,0,0,0,0,0,4
1963,0,0,0,0,0,0,0,0,0,4
1964,0,0,0,0,0,0,0,0,0,4
1965,0,0,0,0,0,0,0,0,0,4
1966,0,0,0,0,0,0,0,0,0,4
1967,0,0,0,0,0,0,0,0,0,4
1968,0,0,0,0,0,0,0,0,0,4
1969,0,0,0,0,0,0,0,0,0,4
1970,0,0,0,0,0,0,0,0,0,4
1971,0,0,0,0,0,0,0,0,0,4
1972,0,0,0,0,0,0,0,0,0,4
1973,0,0,0,0,0,0,0,0,0,4
1974,0,0,0,0,0,0,0,0,0,4
1975,0,0,0,0,0,0,0,0,0,4
1976,0,0,0,0,0,0,0,0,0,4
1977,0,0,0,0,0,0,0,0,0,4
1978,0,0,0,0,0,0,0,0,0,4
1979,0,0,0,0,0,0,0,0,0,4
1980,0,0,0,0,0,0,0,0,0,4
1981,0,0,0,0,0,0,0,0,0,4
1982,0,0,0,0,0,0,0,0,0,4
1983,0,0,0,0,0,0,0,0,0,4
1984,0,0,0,0,0,0,0,0,0,4
1985,0,0,0,0,0,0,0,0,0,4
1986,0,0,0,0,0,0,0,0,0,4
1987,0,0,0,0,0,0,0,0,0,4
1988,0,0,0,0,0,0,0,0,0,4
1989,0,0,0,0,0,0,0,0,0,4
1990,0,0,0,0,0,0,0,0,0,4
1991,0,0,0,0,0,0,0,0,0,4
1992,0,0,0,0,0,0,0,0,0,4
1993,0,0,0,0,0,0,0,0,0,4
1994,0,0,0,0,0,0,0,0,0,4
1995,0,0,0,0,0,0,0,0,0,4
1996,0,0,0,0,0,0,0,0,0,4
1997,0,0,0,0,0,0,0,0,0,4
1998,0,0,0,0,0,0,0,0,0,4
1999,0,0,0,0,0,0,0,0,0,4
2000,0,0,0,0,0,0,0,0,0,4
