ID,v1,v2,v3,Label
ID,V ,V ,V ,LABEL
1,0.28589,-0.92634,-2.4488,1
2,-1.9075,-0.52845,-0.088302,1
3,-0.39047,-0.77608,-1.037,1
4,-0.42454,-0.0925,-0.57068,1
5,-0.49347,-0.64282,-2.0275,1
6,-0.52577,0.095509,-1.8849,1
7,0.0682,-0.24019,-0.07285,1
8,-1.4978,-0.25202,-0.50992,1
9,-0.44774,0.40415,-1.2117,1
10,-1.1619,-1.0626,-1.1835,1
11,-1.0184,0.19306,-1.6718,1
12,-0.55418,0.6602,-0.19671,1
13,-0.75747,-0.44292,-0.29901,1
14,-1.4613,0.2239,0.55852,1
15,-0.88278,-1.4125,0.50806,1
16,-0.080596,0.032138,-0.39133,1
17,-1.0755,-0.57464,1.0618,1
18,-0.016859,-0.77061,-2.6574,1
19,0.72789,-1.2232,-0.83047,1
20,0.01434,-0.63604,-0.067803,1
21,0.52122,-0.30349,-0.16905,1
22,0.47043,-0.20582,-0.17515,1
23,-1.2098,-1.297,0.53623,1
24,0.11496,-2.1665,-1.1445,1
25,-1.2132,-0.66868,-1.5015,1
26,-0.76015,-0.39434,0.48517,1
27,0.023627,0.14008,0.1013,1
28,-1.7787,-1.1358,-1.0791,1
29,-1.9631,-0.27893,-0.84125,1
30,-0.1804,1.339,-1.7435,1
31,0.70032,0.22754,-1.2491,1
32,-1.0791,-0.62284,-1.3207,1
33,-0.63521,0.30395,-0.62693,1
34,-0.12795,0.54333,-0.36591,1
35,0.45562,-0.25316,-1.0723,1
36,-0.59167,-0.20641,-0.77764,1
37,-0.34004,-1.4992,0.040409,1
38,0.075484,-0.87421,0.052982,1
39,-0.27399,0.5301,0.6844,1
40,-0.44221,0.073514,0.76807,1
41,-0.6281,-0.4512,-0.25853,1
42,-0.51325,-0.61549,-0.84393,1
43,-0.031497,-0.47559,-0.78198,1
44,-0.5176,-0.98173,0.32478,1
45,-0.66739,0.098161,0.17087,1
46,-0.31849,0.52095,0.1439,1
47,-0.67973,0.48194,-0.093409,1
48,0.35944,-1.0265,-1.4202,1
49,-0.022583,-1.3449,0.26224,1
50,-0.68357,-0.42506,-0.00043356,1
51,-0.76271,-1.5343,0.44159,1
52,-1.0272,-0.20958,0.97856,1
53,0.69665,0.35607,-1.0877,1
54,-0.75028,0.5194,0.44532,1
55,-1.6875,-1.2051,-0.76545,1
56,-1.2491,-1.0631,0.46855,1
57,-0.66683,-0.14809,-0.96994,1
58,-0.24978,0.12952,-1.3725,1
59,0.69632,0.085472,0.62506,1
60,-1.0182,0.89418,0.94652,1
61,-0.61761,-0.05753,-1.1922,1
62,-1.5376,0.11827,0.47357,1
63,-1.3109,0.05871,-0.92421,1
64,-0.75565,0.26702,-0.66969,1
65,-0.42701,-0.047048,-1.4116,1
66,0.34188,0.39384,-1.0002,1
67,-3.0097,-1.1535,0.63987,1
68,0.061247,-0.093384,0.55828,1
69,-0.63824,0.098137,-0.73604,1
70,-1.1891,0.33703,1.121,1
71,-0.60123,-0.087032,0.17404,1
72,-1.5916,-0.594,-0.36638,1
73,-0.92845,0.61562,-0.97504,1
74,-0.58019,-0.15015,-0.2305,1
75,-1.0131,0.50467,-1.6747,1
76,-1.374,0.26994,-1.7416,1
77,0.49905,-0.62952,-0.40479,1
78,-1.1692,-1.7509,-0.43242,1
79,-1.7256,-1.496,-0.63787,1
80,0.9433,-0.86141,-1.2149,1
81,-0.022564,-0.091705,0.54921,1
82,-0.81569,-0.56834,0.23003,1
83,-0.64054,-1.5299,-1.4919,1
84,-1.655,-0.10915,-0.54842,1
85,-0.64912,-2.2108,-0.51096,1
86,-1.573,1.8162,-0.82193,1
87,-0.96914,-2.1799,0.98722,1
88,0.049629,0.81904,-1.0482,1
89,0.16029,-0.77554,-1.7584,1
90,-0.56715,-0.98004,-2.0281,1
91,-1.2,-0.22001,0.0066527,1
92,-0.098869,-0.34652,0.56542,1
93,-1.4586,-0.035997,0.061231,1
94,-0.58702,2.1226,-3.3607,1
95,-0.30604,0.0084473,-1.3714,1
96,-2.5158,-1.0742,-0.3655,1
97,-1.1161,-0.4157,-1.1166,1
98,-0.66161,-1.4081,-0.19046,1
99,-1.3919,0.13482,0.87956,1
100,-0.49772,-1.0159,0.21077,1
101,-0.22486,0.022566,-1.4435,1
102,-0.35118,-0.89425,0.6813,1
103,-0.82139,0.19507,-0.41085,1
104,-0.85281,0.48954,-1.727,1
105,-1.2637,-0.41183,-0.70362,1
106,-0.27961,1.0027,0.29428,1
107,-1.8515,-0.13831,-0.44295,1
108,-1.3953,1.2671,-1.2674,1
109,-0.079388,-0.42788,0.060758,1
110,-0.56954,-0.78785,-0.43909,1
111,-0.51762,0.0013395,0.41809,1
112,1.0776,-1.011,-1.121,1
113,-1.3915,0.46485,-0.48793,1
114,-2.2471,-0.081016,-0.069138,1
115,-0.77546,1.3467,-0.82486,1
116,0.53506,0.46968,-1.9493,1
117,-0.90706,-0.53235,0.077799,1
118,0.24278,-0.68921,-0.25382,1
119,-2.1244,-1.3082,-0.79438,1
120,-0.9529,-0.82598,-0.75224,1
121,-0.83973,-0.75537,0.65529,1
122,-1.1863,-1.2484,-0.3454,1
123,-0.45502,-0.32374,-0.5521,1
124,-1.6316,-0.43817,-0.8116,1
125,-0.80352,0.10544,-0.65488,1
126,-0.17576,-1.5338,0.27061,1
127,-0.82947,-2.18,0.47071,1
128,-0.91373,-0.70466,-1.4146,1
129,-0.38876,-0.24468,-0.79273,1
130,0.26102,0.17123,-0.79498,1
131,0.33129,-1.8921,-1.4232,1
132,-0.28512,0.78706,-1.2642,1
133,1.0165,-1.4002,-1.6439,1
134,-1.1837,-2.1308,-1.1367,1
135,-1.4544,1.2789,0.55618,1
136,-0.37021,-1.589,-0.16901,1
137,-1.227,1.6156,0.47915,1
138,2.003,-1.5182,-0.27613,1
139,-1.5344,0.43277,-0.2226,1
140,-0.22444,-2.0547,1.3374,1
141,-0.46606,0.71937,-1.2697,1
142,0.43052,-1.1511,-0.38793,1
143,-0.084958,0.43,0.50172,1
144,-1.1264,-0.13314,-0.26966,1
145,-0.89588,0.27092,-0.63114,1
146,-0.90619,-0.55858,-0.60202,1
147,-0.6442,-0.66397,-1.1968,1
148,-0.44159,0.81879,1.7324,1
149,0.49525,-1.6129,-1.3089,1
150,0.41197,-1.0852,-0.99211,1
151,-1.8467,0.26601,-0.77308,1
152,-0.69119,1.0695,0.48297,1
153,-0.010345,-0.82405,-0.76281,1
154,-1.3679,-0.86997,-1.2989,1
155,-0.79983,-0.17512,-0.15579,1
156,0.57657,-0.35878,0.45958,1
157,-0.86011,-0.81986,-0.88572,1
158,-1.7891,0.13993,-0.61863,1
159,0.46174,-0.45152,-2.2208,1
160,0.33927,0.37402,-0.84253,1
161,-1.2387,0.53992,-0.62947,1
162,-0.088365,-1.3844,-0.78084,1
163,0.72179,-0.48499,-0.10352,1
164,-0.5612,-1.0031,-0.91103,1
165,-0.6409,0.8428,-0.74984,1
166,-1.3514,-1.2738,0.83818,1
167,0.63961,0.66674,-0.55688,1
168,-2.1507,0.017186,-0.53126,1
169,-1.7519,-2.5493,-0.51665,1
170,-0.22762,-1.2133,-1.3815,1
171,0.26156,0.12602,-1.529,1
172,-1.4877,-0.63494,-0.8881,1
173,0.47751,-2.1307,-0.38553,1
174,0.49378,-1.1159,-0.10252,1
175,0.3665,1.5242,-1.0301,1
176,-0.31665,0.22746,-0.48178,1
177,1.4675,-1.0186,0.59099,1
178,1.1915,-0.50631,-0.76736,1
179,-0.98592,0.9604,0.47374,1
180,-0.59301,-0.38744,-0.85048,1
181,1.2848,-2.0718,-1.7717,1
182,0.66231,0.60648,0.24662,1
183,-1.2643,-0.36414,-0.08341,1
184,-0.4598,-0.065195,0.0019257,1
185,-0.43782,0.092985,-1.0631,1
186,-1.2225,-1.2134,-0.083481,1
187,-0.72294,0.049659,-2.5137,1
188,-1.2412,-0.99375,0.077619,1
189,0.68826,1.0519,-0.6611,1
190,0.9593,-1.4445,-0.60799,1
191,-0.8803,0.45858,-0.35795,1
192,0.37881,0.88543,-0.74474,1
193,0.02286,-0.56453,0.14797,1
194,0.87538,-2.9644,-0.43891,1
195,-2.9841,-0.13858,-1.5904,1
196,-0.66504,-0.25798,-1.2146,1
197,-0.66658,-1.199,0.17465,1
198,0.017023,-0.45031,-0.05045,1
199,-1.0494,-1.6331,0.12972,1
200,0.44333,-1.5653,-0.93734,1
201,-0.44203,-0.82057,-2.4148,1
202,-0.50303,-0.044729,-1.5044,1
203,-0.70348,-0.76603,-1.617,1
204,-0.048829,0.70439,-0.31723,1
205,0.9457,-1.7888,0.54504,1
206,-1.1074,-2.3792,0.73199,1
207,-1.294,-1.4484,0.33831,1
208,-1.1191,-0.522,0.44798,1
209,0.65949,-0.51055,0.20078,1
210,0.089166,-3.638,0.26578,1
211,-0.1715,-0.10882,0.26123,1
212,-1.4758,-1.3078,-0.94467,1
213,-0.36758,-1.409,-2.259,1
214,-0.2269,-0.66476,-0.7542,1
215,0.83347,-0.14147,-0.6886,1
216,-1.0186,-0.23633,0.46614,1
217,-1.5614,0.47566,-0.64165,1
218,-1.0626,0.79593,-1.9523,1
219,-1.6679,-0.022705,-1.2271,1
220,-0.27969,0.26264,-0.30195,1
221,-0.1907,0.82785,-0.89585,1
222,-0.74447,-1.191,0.31906,1
223,-1.032,0.62175,-1.0657,1
224,-1.7763,0.86001,-0.80771,1
225,-1.5776,0.63064,-0.16691,1
226,0.12229,0.59382,0.9245,1
227,-0.67118,-0.49932,-0.61735,1
228,-1.2706,-1.7513,1.1002,1
229,0.38146,-0.46527,-1.8461,1
230,0.43072,0.089317,-0.52893,1
231,-0.82292,-1.4322,1.3306,1
232,-0.72487,-1.6596,1.6253,1
233,-0.88809,-1.0672,-0.6938,1
234,0.27857,0.87834,-1.0948,1
235,-0.12983,0.54834,-2.8748,1
236,-0.64253,-1.2805,-1.1667,1
237,-0.67328,2.0414,-0.46829,1
238,-0.28921,-1.7004,1.5828,1
239,-0.61369,-0.21208,0.33348,1
240,0.10394,-0.60859,-2.1601,1
241,-0.93914,-1.6687,-1.2657,1
242,-0.68143,-0.79544,-0.95806,1
243,-0.52727,-0.52825,0.22222,1
244,-1.0294,-0.46592,-0.51592,1
245,-0.85282,-1.1515,-1.2808,1
246,0.79819,-0.10522,0.65998,1
247,-1.1958,-1.0176,-0.77474,1
248,0.31496,-0.49811,0.014451,1
249,0.11285,-0.39076,1.2201,1
250,-0.5575,-0.46037,-1.3422,1
251,-0.98013,-0.2306,-0.63046,1
252,-0.68247,-1.1019,-0.94325,1
253,-0.55037,-0.80953,-2.1042,1
254,-1.4994,-0.68301,-0.89921,1
255,-0.79043,0.12,-0.88886,1
256,0.054975,-0.83102,-2.5076,1
257,-0.87059,0.4969,1.3487,1
258,0.70113,0.70533,-0.76352,1
259,-0.70252,-0.57538,-1.0265,1
260,-0.66482,0.029097,-0.97902,1
261,-0.62048,-0.26389,-0.028924,1
262,-0.95337,-0.53188,-0.42326,1
263,-0.28727,-1.122,-0.20701,1
264,-1.2667,-1.7635,-0.47847,1
265,-0.68574,0.24022,-0.22084,1
266,-0.4712,-0.63427,0.24372,1
267,-0.43139,1.5652,-0.15912,1
268,0.22345,-0.60409,-0.28723,1
269,-0.17865,-0.74242,-1.7373,1
270,-0.69219,-0.32318,-1.5556,1
271,-0.64739,-1.7792,-1.2338,1
272,0.87103,-0.14681,-0.91296,1
273,-0.55774,1.5962,0.59651,1
274,-0.69948,0.21203,0.082693,1
275,-0.33485,-0.20213,-0.85185,1
276,-1.4348,-1.1123,1.3195,1
277,0.4868,1.8823,0.30855,1
278,-1.0697,0.81217,0.74734,1
279,-0.70842,0.0553,2.0019,1
280,-0.13806,-0.23584,-1.086,1
281,0.9521,-0.18061,-0.098304,1
282,-0.81689,-0.76951,-1.2106,1
283,0.21971,-0.14548,-0.90629,1
284,-0.96386,0.50244,-1.5226,1
285,-0.16355,-0.63068,-0.47393,1
286,-0.22277,-0.13495,0.38238,1
287,-1.5599,-0.46372,0.3327,1
288,-1.0948,0.58234,0.85721,1
289,-0.45511,0.066116,-1.249,1
290,-1.7977,-0.26258,-1.041,1
291,-0.29998,-0.34375,0.25206,1
292,-0.80478,-0.75646,-2.048,1
293,-1.4805,-0.37719,0.42078,1
294,-1.2118,-0.095707,0.65883,1
295,-0.090747,0.066454,-1.6338,1
296,-1.686,0.76263,1.0205,1
297,-1.4118,-0.28421,-0.1672,1
298,-0.72462,0.52801,-0.58131,1
299,0.37738,-0.17248,-0.17438,1
300,-0.5574,-1.387,0.80919,1
301,-0.27964,-0.7489,-1.3811,1
302,-1.108,0.8257,-0.68822,1
303,0.38179,2.074,-1.4978,1
304,-0.54597,-0.58381,-0.74234,1
305,-2.2434,0.15134,-0.17552,1
306,-0.83747,1.8495,-1.7129,1
307,-1.4569,0.093827,-0.47632,1
308,-1.2714,0.081146,-1.2936,1
309,1.0155,-0.84483,-0.47348,1
310,-1.1938,-0.45222,-2.3372,1
311,-1.2216,-1.0517,-1.3613,1
312,-1.5156,-2.0402,-0.69688,1
313,-0.34775,-0.83554,-0.31931,1
314,-0.38237,-1.6086,-1.219,1
315,-0.75387,-0.79899,-1.088,1
316,-0.64592,0.57756,-0.51589,1
317,1.6662,-2.2149,0.14116,1
318,-1.6234,-1.3574,0.37227,1
319,-1.2597,-0.43808,0.3121,1
320,-0.61025,-0.99864,-0.016122,1
321,0.47887,-1.3901,-0.92341,1
322,-0.46686,-1.5528,-1.1928,1
323,0.044039,-1.2244,0.75684,1
324,-0.2778,-0.39514,-0.63025,1
325,-0.63696,0.80702,-0.018787,1
326,1.1036,-0.78144,-0.72108,1
327,-1.0694,1.1467,-0.43192,1
328,-0.86267,-0.16947,0.14685,1
329,-0.32358,-1.0042,0.44406,1
330,-0.37734,-0.30787,1.5323,1
331,-1.2718,-0.40427,-2.0097,1
332,-1.1625,1.3478,0.31198,1
333,0.005673,-0.88107,-1.0735,1
334,-1.2141,0.038204,-0.64001,1
335,-1.2815,-0.93765,-0.92136,1
336,-1.1799,-1.8749,-1.0417,1
337,-0.62863,-0.94093,-1.6584,1
338,-2.3331,-0.73867,-1.9482,1
339,-0.38582,-2.3821,-0.49607,1
340,-1.8681,0.61945,-0.69084,1
341,0.39329,-1.0012,0.48642,1
342,0.426,-0.6793,-0.24108,1
343,-0.45276,-1.0463,-0.69936,1
344,-0.2263,-0.98154,-0.40683,1
345,-0.47309,0.058368,-0.93093,1
346,-0.40741,-0.34045,-0.88182,1
347,-0.61695,-0.98964,0.52342,1
348,-0.54402,-1.9968,-1.9736,1
349,-0.52937,-0.44494,-1.1378,1
350,-0.66813,-0.18738,-0.12643,1
351,-0.17883,-2.5354,-0.18576,1
352,-0.083262,-1.2513,-0.49848,1
353,0.11449,-0.81158,-0.20133,1
354,-0.57953,2.0107,-1.2412,1
355,0.63549,0.92922,-0.62252,1
356,-0.94814,-1.1023,-0.52658,1
357,-0.24567,-0.75172,-0.93025,1
358,-1.7535,-1.4327,-0.13925,1
359,-1.3035,-0.4694,-0.2883,1
360,0.32168,-0.98736,-2.1067,1
361,-1.0731,-0.18289,-1.8385,1
362,-0.81573,-0.79009,-2.5596,1
363,-0.93913,-0.67005,0.31227,1
364,-1.4909,-0.57104,-0.41356,1
365,-2.0463,-0.27401,-0.58362,1
366,-1.7921,1.0482,1.2509,1
367,-0.59344,-1.4959,-0.85893,1
368,-1.806,-0.44429,-1.0978,1
369,-0.12081,-0.45652,-0.89034,1
370,-1.7518,-0.49854,-1.5628,1
371,-0.49961,-1.3409,-2.1522,1
372,-0.437,-0.22472,0.12162,1
373,0.38163,-2.7265,-0.42079,1
374,-0.85675,-1.4654,-1.9722,1
375,-0.90927,-0.13429,-0.84848,1
376,-0.83559,-0.65018,-2.1681,1
377,1.0508,-1.4504,-0.25885,1
378,-0.60656,-0.40211,-0.83722,1
379,-0.6868,-0.99841,-0.67045,1
380,1.4543,-0.52691,-1.1613,1
381,-0.99262,-1.2657,-0.62148,1
382,-1.0523,-0.84219,-0.43342,1
383,-1.5441,-0.090764,-0.13953,1
384,-0.64095,0.49522,-1.0924,1
385,-1.3636,-0.30276,-0.046749,1
386,-0.68482,-0.1214,-0.022831,1
387,-0.40212,-0.73087,-0.74061,1
388,-1.1829,-0.63093,1.5335,1
389,-0.24008,-0.60462,0.77989,1
390,-0.15327,0.34403,-0.57763,1
391,-1.5753,-1.9393,-0.99424,1
392,0.093568,-1.1792,-1.6626,1
393,0.20949,-1.2986,-1.2505,1
394,0.49778,0.71723,-1.3131,1
395,-0.17598,1.1488,-0.21854,1
396,-0.62094,0.049379,-0.65463,1
397,-0.64705,-0.4987,0.92728,1
398,0.4957,0.15662,-1.751,1
399,-0.83273,0.63138,-0.51436,1
400,-2.2827,-0.45235,-0.70309,1
401,-0.61023,1.5244,1.3054,1
402,-1.6223,-1.9399,-0.028781,1
403,0.49313,1.0746,-1.2963,1
404,-0.68542,-0.6951,1.5487,1
405,-2.2687,-1.7085,-0.10268,1
406,-1.6231,-0.79614,0.23337,1
407,0.53833,-1.2996,-1.1982,1
408,0.37566,-0.17522,-2.1562,1
409,-0.35807,-0.011276,-0.9859,1
410,0.93003,-1.6434,-1.8829,1
411,-0.37685,0.26931,-0.86349,1
412,-0.90781,-0.86425,-1.5561,1
413,-0.20281,0.11155,0.17813,1
414,-1.6275,-1.7866,-1.4297,1
415,-1.5244,-2.7555,0.14407,1
416,-0.94831,1.3207,-0.31664,1
417,-1.1563,-0.10452,-0.16532,1
418,-1.3021,0.05563,-0.68062,1
419,-0.56176,0.31248,-0.73432,1
420,-0.17802,-1.2777,-1.1755,1
421,-0.019601,-0.84647,-0.22602,1
422,-0.56979,0.29,-0.57065,1
423,0.12815,-0.52098,0.64726,1
424,-0.089587,0.5372,0.7019,1
425,-0.80926,-0.91723,-1.2111,1
426,0.56973,-1.914,-0.25059,1
427,1.3367,-1.8483,-0.38463,1
428,0.3588,-1.443,-1.0314,1
429,-0.92709,0.16168,-0.82361,1
430,-1.8585,-0.92205,-1.0518,1
431,0.43468,-0.85813,0.11804,1
432,-0.97448,0.066725,0.70748,1
433,-0.022476,-0.4251,1.151,1
434,-1.4758,-0.89297,-0.27765,1
435,-2.5422,2.1772,0.1452,1
436,-0.15976,-1.3068,-0.47175,1
437,-2.7666,-0.11118,-1.4053,1
438,-0.91477,-0.53906,-1.2964,1
439,0.77782,-0.92259,-1.3612,1
440,-1.3549,-1.3533,-0.71959,1
441,-0.13653,0.1037,0.23526,1
442,-0.26957,-1.1866,0.044291,1
443,-0.14511,-0.71296,-0.93879,1
444,-0.05598,0.88778,0.36892,1
445,0.58259,1.1793,0.49221,1
446,-0.38296,-0.63521,0.081428,1
447,0.02815,0.38783,-2.0466,1
448,-0.57112,-0.41507,-1.3567,1
449,0.68903,-1.3054,-0.85851,1
450,-1.8939,-0.32717,0.46416,1
451,0.26827,0.78745,-1.2196,1
452,0.23759,1.4506,-2.1807,1
453,-2.8175,-0.56771,0.15925,1
454,-0.32382,-1.345,-0.96154,1
455,-0.43147,-0.97557,-0.79914,1
456,0.25847,-0.29942,0.74661,1
457,-1.2663,-1.1257,0.42742,1
458,-0.36372,0.80694,-1.4697,1
459,0.0047315,0.54215,-0.34702,1
460,-0.47768,0.37146,0.9538,1
461,-0.91525,-1.0004,-0.71612,1
462,-1.2909,-0.75552,-1.5092,1
463,-1.2076,0.068452,0.017217,1
464,0.4113,-1.1409,-0.042137,1
465,-0.10359,-2.1484,-0.94036,1
466,0.75207,-2.175,-0.62158,1
467,-0.39684,-0.15992,-0.98736,1
468,-0.34771,0.84464,-0.90935,1
469,-0.85946,0.25526,-2.2894,1
470,-0.5215,0.012568,0.87724,1
471,-0.73194,-2.1781,-0.35391,1
472,-0.52304,-0.28873,-1.1512,1
473,1.2756,-1.4907,1.1298,1
474,-0.78902,-0.1468,0.54103,1
475,-1.1943,-0.68377,-0.41419,1
476,-1.0229,-0.26085,-0.22723,1
477,-0.45836,-0.84816,-1.4939,1
478,0.21618,0.64041,-1.2457,1
479,-0.58239,-0.30085,1.0336,1
480,-0.34687,-1.0982,-0.77603,1
481,-0.20227,0.10511,-1.4528,1
482,-0.16167,-1.1462,1.6155,1
483,-0.38783,-0.53943,0.80385,1
484,-0.27,-1.6197,0.20469,1
485,0.20282,0.64325,0.10067,1
486,-0.58804,0.36309,0.05336,1
487,0.63413,-1.8323,-0.76303,1
488,-0.57939,1.4834,-0.0012575,1
489,0.15011,-0.94958,-0.20247,1
490,0.11869,-0.30448,-0.48492,1
491,-1.5206,-0.86137,0.65227,1
492,-0.84398,0.56348,0.58533,1
493,-1.1517,-0.56596,0.31568,1
494,-0.58852,-0.058179,-1.4067,1
495,-0.79382,-0.051426,-0.96154,1
496,0.030513,-0.95914,-1.1088,1
497,-1.4185,0.3281,0.6319,1
498,-0.58185,-0.030813,0.33243,1
499,1.0043,-1.0309,-2.5973,1
500,-0.54168,-0.86402,0.19632,1
501,-1.7838,1.8557,-1.3425,2
502,-1.458,-0.72662,0.037327,2
503,-1.2172,0.092519,-0.19381,2
504,-0.60011,-0.86318,-1.2462,2
505,0.145,-2.5837,-0.40881,2
506,1.4543,0.36713,-0.52878,2
507,-1.9385,0.35253,-1.46,2
508,-1.3308,-0.54337,-0.50719,2
509,-0.019532,-0.22837,-0.31532,2
510,0.084896,-0.19838,-0.67401,2
511,-0.6201,-2.1876,-0.49082,2
512,-0.26173,-0.84421,0.12654,2
513,-0.044413,-0.18849,-0.47209,2
514,-0.17352,-2.3635,0.32207,2
515,-1.4639,-0.43815,0.081056,2
516,1.2347,-0.81903,0.73732,2
517,-0.47289,-0.11558,-0.17588,2
518,-0.57448,1.4154,-0.38304,2
519,-0.82571,-1.0427,-0.093292,2
520,-0.29912,-1.0783,-0.55023,2
521,-0.17757,-2.1195,-0.29499,2
522,-0.43261,-1.0462,-1.3725,2
523,-1.619,-0.069294,0.52385,2
524,0.039719,-0.82838,-0.081406,2
525,-1.3619,-0.53862,0.32925,2
526,-0.0037241,0.30127,-1.9374,2
527,-2.1792,0.76943,0.15081,2
528,0.012177,-1.9026,-0.88425,2
529,-1.1106,-0.97075,-1.1227,2
530,0.68991,0.7741,-1.3867,2
531,0.063896,-2.1574,-1.312,2
532,-1.529,0.18507,-1.3305,2
533,-0.21532,-1.5774,0.15876,2
534,0.069985,0.58029,-0.045352,2
535,0.33019,-0.31878,0.6392,2
536,-1.2383,-1.7968,0.76744,2
537,-0.57637,0.23058,0.08478,2
538,0.82912,-1.277,0.83989,2
539,-2.3667,1.1929,-0.73341,2
540,-0.62488,-0.84884,-0.93879,2
541,2.5175,-0.19986,-0.80736,2
542,-0.53784,1.3429,-0.24898,2
543,-2.4188,-0.35966,-1.122,2
544,-1.5153,0.17849,0.43668,2
545,-1.2155,-0.31528,-0.21227,2
546,-0.13079,-0.071118,-0.041629,2
547,-0.1468,-0.54948,0.29374,2
548,-0.57584,-0.11989,-0.21158,2
549,0.65306,-1.1004,0.063803,2
550,-0.22353,1.8154,-1.1855,2
551,-1.6736,1.4191,0.67502,2
552,-1.0926,-0.37541,0.20311,2
553,-0.54069,1.053,-0.30285,2
554,1.0926,0.96664,-0.27593,2
555,-1.2052,-2.3545,-0.064395,2
556,-2.2249,-1.5686,-0.44948,2
557,-0.318,-0.87722,-0.0966,2
558,0.5084,-1.2538,0.11243,2
559,-0.69849,0.52141,0.17189,2
560,-1.0806,-0.64293,-1.6117,2
561,-0.38145,0.55777,-0.10019,2
562,-0.26615,0.60485,-0.6465,2
563,-1.7251,-0.69238,-0.79325,2
564,-0.56921,-1.4227,1.3667,2
565,0.058902,-0.4928,0.05247,2
566,-0.93002,-0.17521,-0.47218,2
567,-0.68305,-0.80126,-1.2658,2
568,-1.4588,1.3744,-0.61896,2
569,-0.94242,-1.4043,0.39792,2
570,-1.0137,-1.3878,-0.75244,2
571,1.0263,-0.94445,0.64012,2
572,-1.931,-0.58012,0.57794,2
573,-1.8909,-1.2764,-0.090576,2
574,0.078326,-0.4189,-0.36169,2
575,0.0022808,-0.60591,-0.85788,2
576,-1.3255,0.3334,-0.91524,2
577,-1.3718,-1.6352,-0.67037,2
578,0.63854,-1.7897,-0.87157,2
579,-3.1911,-0.47444,0.65553,2
580,-0.2035,-0.86913,0.5372,2
581,-1.2118,0.089337,-1.6234,2
582,-2.8755,-0.95189,-1.7137,2
583,-0.90252,-0.25111,-2.341,2
584,-2.4594,-0.60108,-0.44436,2
585,-1.5614,-1.0557,0.067612,2
586,0.056904,-0.49442,0.92998,2
587,0.34715,-1.6259,-1.1569,2
588,0.47876,-0.36632,-1.2858,2
589,0.69391,-1.2578,-0.47917,2
590,-1.1691,-0.55887,0.554,2
591,-0.10644,0.70915,-0.52725,2
592,0.44576,0.97684,-0.11542,2
593,-1.523,-0.49522,0.76714,2
594,-0.16728,0.048531,-0.77537,2
595,-0.63912,-0.022158,-0.55251,2
596,-1.6341,-0.32001,0.5174,2
597,-1.7592,0.54967,-0.7127,2
598,-1.7748,0.11095,-0.45493,2
599,-0.60898,0.41438,-0.81613,2
600,0.15368,-0.54178,-1.6445,2
601,-1.2093,-0.55867,-1.1834,2
602,-0.5956,-0.79491,-0.5812,2
603,-0.73498,-0.078877,-0.59128,2
604,-0.58153,2.0797,-0.77551,2
605,0.22177,-1.416,0.29312,2
606,-0.81839,0.27548,0.97864,2
607,-0.88886,-0.40038,0.21176,2
608,-0.19004,0.70235,-0.32015,2
609,-0.5792,-0.29492,-0.71403,2
610,-2.2219,-0.20118,-0.15205,2
611,-0.4717,0.086811,-1.3553,2
612,-0.34035,-1.745,-0.57895,2
613,0.37555,-1.7632,-0.43314,2
614,-1.1286,-2.4939,-0.28398,2
615,-0.71542,-0.8077,-1.931,2
616,1.0397,-0.44474,-0.83508,2
617,-0.65449,-0.17172,-0.46694,2
618,-1.0329,1.6287,-1.3685,2
619,-1.3195,-2.395,-0.79689,2
620,-0.71974,-0.84012,-0.97029,2
621,-1.1396,-0.76218,-1.1543,2
622,-2.1377,0.41092,-0.9103,2
623,-0.26592,-0.30804,-2.5874,2
624,-1.2879,0.20009,-0.24717,2
625,-1.5628,-0.006252,-1.2241,2
626,-0.84321,0.35309,-0.4106,2
627,-1.1247,-0.9341,-0.48082,2
628,-0.48941,-0.44184,-1.3097,2
629,-1.4152,-0.14995,1.1035,2
630,-0.11839,-0.71512,-0.14274,2
631,0.51136,-0.36258,-1.3175,2
632,1.3557,-0.24166,-0.21392,2
633,-0.3675,0.55434,1.0234,2
634,-1.5848,-0.50819,-1.7262,2
635,-0.53242,-1.5468,0.1507,2
636,0.063098,-2.4102,0.70238,2
637,-0.70123,-0.0050243,-1.6623,2
638,-1.8398,-0.69064,-0.72475,2
639,-1.7177,-1.7726,-1.2325,2
640,-1.1623,-0.17098,-0.17898,2
641,-1.9857,-0.57121,0.18213,2
642,-0.065463,-0.77762,-0.28334,2
643,-1.6843,-1.9671,1.4882,2
644,-0.80402,-0.90872,-1.0332,2
645,-0.90358,-1.7352,0.12505,2
646,-1.3498,-0.79458,-0.14336,2
647,-0.23132,-0.38754,-1.3338,2
648,0.012412,-1.1157,0.090316,2
649,-0.82057,1.3506,0.77663,2
650,-0.95746,-0.22594,-0.13131,2
651,-0.38751,-1.1759,1.1086,2
652,-0.75061,0.65164,1.4932,2
653,-1.3553,-1.621,-1.1911,2
654,1.3205,0.32922,-1.0417,2
655,-0.66666,-0.29503,-1.2833,2
656,-0.69712,-0.24473,-1.011,2
657,-0.52413,-0.55328,1.1474,2
658,0.044481,0.7889,1.4866,2
659,-1.462,0.51132,0.80676,2
660,-0.60183,-0.16195,-0.55786,2
661,-0.13063,0.72658,-0.81482,2
662,-1.0077,0.35641,-1.6078,2
663,-0.92537,-0.65198,-0.40957,2
664,-1.5039,-1.377,1.2587,2
665,-0.9251,-0.58936,-0.25011,2
666,-0.95134,1.2866,0.22655,2
667,-0.084387,1.1023,-0.4973,2
668,-1.4746,-1.1777,-0.41128,2
669,-1.0893,-1.1181,-0.16449,2
670,-0.85657,-1.4134,-0.48166,2
671,-0.26974,-1.3583,-1.4951,2
672,0.62737,0.038703,-0.46894,2
673,0.75374,0.044641,-0.65882,2
674,-1.6078,-1.343,-0.95229,2
675,-1.1515,-1.1714,-0.48969,2
676,0.058331,-0.76024,0.98944,2
677,-0.747,-0.46723,-0.70868,2
678,-0.90993,-1.7078,-0.13314,2
679,-0.48686,-2.3069,-0.34465,2
680,-1.064,-1.9586,-1.517,2
681,-0.30599,-0.82065,-1.6437,2
682,-2.2693,0.080903,0.84665,2
683,0.010222,-0.53684,-2.0928,2
684,-1.241,-1.1,-0.05032,2
685,0.22396,-1.2245,-0.39773,2
686,0.27826,-0.9275,-0.45392,2
687,1.1169,-1.4834,2.0207,2
688,-0.75543,1.2276,-0.6676,2
689,-0.18231,0.71709,-0.81178,2
690,-0.99505,-0.20599,-0.85024,2
691,0.3226,0.31813,0.035028,2
692,-1.4284,-0.48425,-0.039508,2
693,-0.82833,-1.8843,-2.0103,2
694,-0.33116,0.50011,-0.75697,2
695,-0.17346,-1.5999,-0.93757,2
696,-0.3699,0.38699,-1.502,2
697,-0.98739,-0.017996,0.42598,2
698,-1.2969,-0.038786,-1.2934,2
699,-1.0028,-1.1458,-0.85389,2
700,-0.4355,-0.035083,-0.51058,2
701,-1.9538,-0.78334,0.61349,2
702,-0.43909,-0.16593,-0.43934,2
703,-1.3758,-0.71602,-1.1366,2
704,-1.126,-1.2446,-0.62468,2
705,-1.2021,0.49971,-0.65073,2
706,-0.15786,-0.8032,-1.7728,2
707,0.56095,-0.6146,0.0079678,2
708,0.004428,-0.99901,-0.079184,2
709,-0.49799,-1.1357,-1.3042,2
710,-0.62351,-0.38572,-0.61282,2
711,-0.94488,-0.43871,-0.16846,2
712,-2.2537,1.0792,-0.3098,2
713,-0.62828,0.071391,1.5229,2
714,0.72906,2.04,-2.6445,2
715,-0.13769,0.71366,-1.5014,2
716,-0.76124,-2.01,0.48448,2
717,-0.84738,-0.13831,-0.3821,2
718,-0.85603,-0.34487,-1.8037,2
719,0.30947,0.77912,-1.3634,2
720,-1.5949,-0.532,0.49998,2
721,0.06556,0.38821,-0.68957,2
722,-1.709,-1.4573,0.5159,2
723,-1.3017,0.25787,-0.062963,2
724,-0.88063,1.0911,-1.5493,2
725,0.14187,0.79849,-2.2697,2
726,-0.72993,-1.4884,-1.2031,2
727,-0.63865,-1.1815,0.22648,2
728,-0.74187,0.36286,0.10368,2
729,-1.4219,-0.41518,-1.2531,2
730,-1.2318,0.11316,-0.90139,2
731,0.039715,-1.5555,0.26135,2
732,0.87621,1.0592,-0.47262,2
733,0.0024465,-1.5978,0.26273,2
734,-1.2618,-1.5705,-1.0114,2
735,0.72173,-1.1252,0.55499,2
736,-1.1459,-0.86335,1.4264,2
737,0.043281,0.62509,1.4416,2
738,-1.1111,-0.23275,-1.3352,2
739,0.6506,0.11109,-1.0977,2
740,0.1793,0.40547,0.034805,2
741,0.31287,0.48346,-1.2874,2
742,-1.095,-1.4283,0.63112,2
743,0.41877,-1.0607,-0.21884,2
744,-0.53377,1.2797,0.45115,2
745,-0.081663,-0.89614,-0.19212,2
746,-1.4975,-0.86492,-0.12765,2
747,-1.5889,1.0438,-1.5566,2
748,-1.5984,-0.23374,0.54838,2
749,1.3186,-0.4935,-1.1789,2
750,-0.37651,-1.1504,0.072356,2
751,-1.7524,-1.1631,0.31302,2
752,-0.27673,-1.2998,-0.52934,2
753,-0.61835,0.55139,-0.012205,2
754,1.5682,-0.52137,0.36555,2
755,-1.2261,-0.27052,-1.9261,2
756,-0.71706,-0.62807,-0.7154,2
757,-1.4032,0.53101,-1.5236,2
758,0.57947,-1.1619,-0.7738,2
759,-0.30956,-1.7765,-1.8015,2
760,-0.52057,-0.14698,0.26484,2
761,0.71629,-0.85523,-2.2473,2
762,-0.21137,-0.73694,-1.1894,2
763,-1.0162,-1.5829,-0.33215,2
764,-1.3224,-0.74112,-0.97988,2
765,-0.84576,-1.0002,1.2426,2
766,-1.9938,1.0821,-0.44635,2
767,-1.2996,-0.74685,-1.7999,2
768,-0.5092,0.62977,0.7972,2
769,-1.1728,-0.48933,-0.25016,2
770,-0.49141,-0.097686,-0.90856,2
771,0.34977,-0.99708,1.1621,2
772,0.39161,-1.3453,0.63711,2
773,-0.8146,0.30177,-1.4857,2
774,-0.20072,-0.098035,-2.8159,2
775,0.18903,-1.064,-0.58203,2
776,0.00031019,0.08091,-0.74396,2
777,-0.94981,-0.39164,0.33974,2
778,-1.391,-0.6813,-0.75162,2
779,-1.4543,-0.18883,-0.5293,2
780,-1.4084,-0.95194,-0.092515,2
781,-1.3617,-1.1783,-0.038282,2
782,-0.86253,0.33575,-0.11306,2
783,-0.40315,-0.68274,-0.96111,2
784,0.76856,-0.45925,0.19279,2
785,-1.2865,-0.65986,-1.2789,2
786,0.053549,-0.58651,-2.1827,2
787,-1.093,-0.34247,-0.49484,2
788,-0.99911,-0.42446,0.20485,2
789,-0.74218,0.026982,0.24245,2
790,-0.3086,-0.81454,0.0257,2
791,-0.033263,0.68351,-0.61053,2
792,-0.27198,-0.27914,-0.09467,2
793,-0.5393,-0.53806,-0.17862,2
794,0.54338,-0.11922,0.54627,2
795,-0.3176,-1.0535,-0.4523,2
796,-0.18576,-0.6236,-2.4277,2
797,0.070773,-0.24982,-0.13283,2
798,-1.5647,-0.83974,-1.3801,2
799,-0.96355,-0.44122,0.065666,2
800,-0.683,-0.8545,-0.12548,2
801,0.88023,-0.058839,-0.033062,2
802,0.94772,-0.36293,0.73808,2
803,-1.6745,0.45064,1.132,2
804,-1.015,-1.2841,-0.89238,2
805,-1.845,-1.5038,-0.79557,2
806,-1.0682,0.9652,-0.96037,2
807,-0.75324,-1.2217,-0.95924,2
808,-0.44526,-0.22705,-1.0889,2
809,-0.50526,-0.080079,-1.2701,2
810,0.37484,0.37192,1.1142,2
811,-0.035685,-0.33303,-1.0955,2
812,-1.5699,-3.0825,-1.4909,2
813,-0.72696,-0.49274,-0.39577,2
814,-0.024893,1.1315,-1.2195,2
815,-0.032002,0.58951,-0.18863,2
816,-0.32769,0.50314,-0.8427,2
817,-0.8208,-1.2678,-0.49765,2
818,-2.2925,-1.3693,0.17879,2
819,-0.71446,-2.1081,0.71616,2
820,-0.78568,-0.79988,-0.26271,2
821,-0.83746,-1.2357,-1.2267,2
822,-2.541,0.26496,-1.0135,2
823,-0.033814,0.33141,-1.2082,2
824,-1.0344,-0.096514,0.04557,2
825,1.191,-0.6913,0.67711,2
826,-0.86863,-2.6625,-0.023455,2
827,-1.5316,-0.61867,0.42368,2
828,-1.3902,0.63964,-1.3765,2
829,-0.14725,-1.6832,-1.5532,2
830,-1.6441,-1.8588,-1.7367,2
831,-0.86394,0.035288,-0.084918,2
832,-0.446,-1.3581,-0.604,2
833,-0.16268,0.86626,-0.077115,2
834,-0.063641,0.18,-0.84943,2
835,-0.68688,0.45884,0.52365,2
836,1.1561,-0.87803,0.38702,2
837,0.43394,-0.57391,-0.36142,2
838,-0.19494,-1.2629,-0.24522,2
839,-0.1554,-0.40926,1.0217,2
840,-1.1727,-0.16701,0.46636,2
841,0.15306,1.1388,0.67355,2
842,-0.83691,0.48754,-0.3051,2
843,-1.3436,-1.2587,-1.9096,2
844,-0.9074,-1.0737,-2.1901,2
845,-1.6356,-3.0073,0.10088,2
846,-0.14843,-1.4709,-0.014438,2
847,-0.42877,-0.62237,0.31345,2
848,-0.28108,-2.5515,0.21333,2
849,-1.2185,-0.71448,-0.93583,2
850,-0.56963,-0.31451,-0.50924,2
851,-1.5058,-1.2602,-0.037651,2
852,1.1116,-1.7369,-0.096507,2
853,-0.96784,-0.44142,-0.26601,2
854,-0.67231,-0.62794,0.71766,2
855,-0.61215,-1.3318,-0.12669,2
856,-1.1671,0.13094,0.84544,2
857,-2.3335,-0.33601,-0.22022,2
858,-1.253,1.2772,0.094102,2
859,-0.065148,-2.1485,0.94168,2
860,-0.87374,-1.2994,-0.84778,2
861,-0.17361,-1.2718,-1.6266,2
862,-1.1655,-0.21361,-0.47554,2
863,-0.76014,-0.83648,0.79084,2
864,-0.69855,-0.83789,-0.52083,2
865,-0.82167,-1.9406,-0.54815,2
866,-1.9997,-2.0377,-1.6445,2
867,-0.63898,1.2223,-0.088665,2
868,-0.96708,-1.2297,-0.8951,2
869,1.1045,-1.9959,-0.23376,2
870,0.19774,-1.7399,-0.34315,2
871,-0.31943,-0.58865,-1.1439,2
872,-0.54288,-0.50213,0.34699,2
873,-0.59835,-0.85179,-0.062943,2
874,-0.12217,-1.3745,1.6704,2
875,-1.2937,1.1453,-0.24651,2
876,-0.65793,-0.54759,0.15588,2
877,0.2852,-1.4406,-0.54195,2
878,-0.49624,-1.474,-1.5993,2
879,0.42199,0.97884,-0.76998,2
880,-0.17349,-0.84369,-2.1519,2
881,-0.6193,-1.5624,-1.7623,2
882,1.2062,-0.37566,-0.045038,2
883,-1.4981,-1.0361,-0.095232,2
884,-0.74874,-0.58343,0.37943,2
885,-1.0904,-0.22999,-0.9747,2
886,0.13514,0.025894,0.60572,2
887,0.72392,0.81986,0.097328,2
888,-1.2405,-1.098,-0.73135,2
889,0.53399,-0.03273,2.0233,2
890,-0.86496,-0.72241,-0.18077,2
891,-1.0658,-0.98686,-0.59787,2
892,0.10114,-0.8886,-1.3597,2
893,-0.49994,-1.3458,-0.15915,2
894,-0.49947,-0.6708,0.46691,2
895,-0.46988,-0.58036,-0.18151,2
896,-0.73032,-0.97659,-1.8379,2
897,0.56526,-0.33926,-0.85207,2
898,-1.3811,0.20605,0.12416,2
899,0.38279,-0.14141,-0.85,2
900,-0.66709,1.1181,0.53487,2
901,-0.53766,-0.93728,-0.95964,2
902,0.12094,-1.2057,0.3498,2
903,-1.9135,-0.28628,0.21001,2
904,-0.18636,0.12023,-0.34407,2
905,-1.2006,-0.53693,-0.13457,2
906,-1.433,-0.33665,-0.44059,2
907,0.060524,0.4032,0.70533,2
908,0.85491,0.70654,-0.28974,2
909,-0.67151,-1.2513,-0.98882,2
910,-1.0638,0.047097,-2.7558,2
911,-1.1683,0.21087,-0.41473,2
912,-0.76964,-0.54325,0.77491,2
913,-1.2028,-0.94905,-2.2455,2
914,0.35378,-1.6359,0.39309,2
915,-0.16264,-1.6602,-0.083228,2
916,-0.45635,-0.23106,-1.8991,2
917,-0.56515,-1.4994,-0.27212,2
918,-1.5207,-2.1211,-0.41996,2
919,0.071384,0.13493,1.3862,2
920,-0.6569,-2.5879,-0.10747,2
921,-2.6304,0.28438,-2.6335,2
922,-0.43906,1.7175,1.4913,2
923,-0.28796,-0.7794,0.034507,2
924,-0.73881,-1.1558,-1.0157,2
925,-0.72828,0.65209,0.22646,2
926,-1.3063,0.41775,0.97133,2
927,-0.19359,0.11195,-0.082622,2
928,-0.55856,-0.41885,-1.8276,2
929,-2.7134,0.64451,-1.001,2
930,0.29257,0.50982,-1.0912,2
931,-1.1066,-0.58998,-0.15602,2
932,-1.3951,-0.72077,-0.16079,2
933,-1.529,-1.1517,-0.31052,2
934,-2.4145,-1.4251,0.21983,2
935,-0.70942,0.1777,-0.2239,2
936,1.0259,-0.0040032,-0.51464,2
937,-0.92273,-0.54207,-0.99045,2
938,-0.21464,1.0853,-1.4848,2
939,-1.0953,1.1527,0.284,2
940,0.11134,-0.28213,0.34516,2
941,1.709,0.044823,1.0171,2
942,-0.88839,-0.11725,-0.39835,2
943,-1.8697,-0.67894,-0.10146,2
944,-1.3673,-0.61011,-1.2348,2
945,-0.42761,-1.1096,-0.97811,2
946,-1.0673,-0.13801,0.97,2
947,0.023526,0.66624,-1.7492,2
948,-1.4862,-0.3595,0.050116,2
949,-1.0949,-1.1969,-0.806,2
950,-0.20172,-0.63983,-1.2531,2
951,-0.069325,-1.6249,-0.15661,2
952,0.74604,-0.11045,-0.41394,2
953,0.68999,-0.38917,0.26373,2
954,-1.8178,-2.2515,0.42563,2
955,0.31712,0.070077,-0.61739,2
956,-1.603,-0.75678,1.1618,2
957,-1.192,0.79359,-0.38169,2
958,-0.66859,-1.1435,-1.0338,2
959,-1.1406,-0.98522,-0.068447,2
960,0.63456,0.31485,-1.2217,2
961,-1.4868,0.059552,-0.78388,2
962,-0.41097,-0.76496,-1.3097,2
963,-1.4068,-2.123,-0.92653,2
964,-0.28655,-1.5322,-0.53328,2
965,-1.0788,0.82661,-0.092115,2
966,-2.3259,0.10202,-0.077919,2
967,0.32543,0.47806,-1.7517,2
968,0.70143,-0.61198,-1.7492,2
969,-1.4591,-0.43307,0.62123,2
970,-0.76879,-0.50764,-1.7282,2
971,-0.77203,-0.081121,-0.65703,2
972,-0.98198,-0.39572,0.025099,2
973,-0.90462,0.02496,0.030831,2
974,-0.51069,-1.4041,-1.8864,2
975,0.34669,-1.5832,0.68358,2
976,-0.87804,-0.47825,-1.6331,2
977,-0.41223,-2.1035,-1.6166,2
978,-0.82383,-0.03282,-0.041652,2
979,0.037304,0.6582,-0.54863,2
980,-0.34108,-0.87551,-1.61,2
981,-0.32818,-0.67056,-0.75182,2
982,-1.7042,1.0717,1.1174,2
983,-0.93317,-1.6086,-1.2866,2
984,-0.47698,-0.18608,-1.2467,2
985,-2.006,0.50679,0.07965,2
986,-0.34109,-1.9283,-0.11652,2
987,-0.92954,-1.3642,-1.8429,2
988,1.0007,-0.1877,-0.37384,2
989,-1.0098,-0.077401,-0.62992,2
990,-0.77828,0.63867,0.37091,2
991,-0.20621,-0.91233,-1.6313,2
992,0.27894,-0.33073,-0.8573,2
993,-0.021087,-0.70124,0.37078,2
994,-1.2334,-2.4842,-1.788,2
995,-0.4982,-0.52095,0.076432,2
996,-0.65023,-1.0935,-0.92555,2
997,-0.10907,-0.09091,-0.76261,2
998,-0.57047,0.5785,-0.44202,2
999,-0.60658,0.93363,-1.6946,2
1000,-0.1427,-0.80094,-1.1081,2
1001,0.603,-0.87641,1.2188,3
1002,-0.024488,-0.36093,1.1236,3
1003,1.1275,-0.40771,0.15691,3
1004,0.36294,1.4561,-0.021672,3
1005,1.3479,0.17452,2.101,3
1006,1.0622,-1.1082,0.41867,3
1007,0.34772,-1.0306,-0.12686,3
1008,0.48061,1.3206,-0.23192,3
1009,0.84479,-1.1601,0.77709,3
1010,1.7128,-1.102,0.69033,3
1011,-0.41866,-1.1956,0.019702,3
1012,0.54734,1.6288,0.010363,3
1013,0.64645,1.0836,0.90001,3
1014,1.5936,0.75866,-0.095968,3
1015,-0.0032264,0.5622,0.92705,3
1016,1.4797,1.3524,0.66689,3
1017,1.1707,0.90254,-0.66163,3
1018,0.47881,1.2626,-1.2737,3
1019,0.053431,0.77983,-1.5256,3
1020,0.27026,0.41111,0.14437,3
1021,0.19043,0.13103,0.93096,3
1022,0.44655,-0.92896,1.9482,3
1023,-0.33483,0.97308,-0.78704,3
1024,-1.6625,0.73147,0.36705,3
1025,0.87079,1.4589,0.26242,3
1026,0.25027,0.95042,-0.5133,3
1027,1.059,1.8946,-0.5314,3
1028,0.74733,-1.2667,2.3442,3
1029,0.07853,-0.67451,0.84521,3
1030,0.43974,0.3671,0.99347,3
1031,0.69081,-0.67431,0.26411,3
1032,0.70033,0.89146,0.60475,3
1033,2.7192,0.94746,1.1608,3
1034,1.4716,1.9887,-0.91642,3
1035,1.7882,0.025058,0.15093,3
1036,0.75459,2.2337,0.5797,3
1037,1.1756,-0.75599,0.84655,3
1038,1.2376,-0.32323,-0.68506,3
1039,-0.049074,-0.67102,1.2661,3
1040,0.020771,0.83848,0.9514,3
1041,1.4624,1.8562,0.47645,3
1042,-0.10965,1.0109,0.39004,3
1043,1.1005,0.45091,1.5226,3
1044,0.91359,0.84248,1.8037,3
1045,-0.43602,1.7277,1.4149,3
1046,-0.76544,1.3151,0.32748,3
1047,0.493,-0.65828,0.18869,3
1048,-0.22823,0.37123,0.55935,3
1049,0.53157,0.40263,0.24242,3
1050,-0.39086,0.12602,1.4804,3
1051,-0.33473,0.16295,1.0544,3
1052,-1.6689,-0.86454,0.65131,3
1053,-0.91671,2.9701,-0.85257,3
1054,0.50397,0.41171,0.2513,3
1055,0.85857,0.10621,0.13442,3
1056,0.33455,0.59915,1.0347,3
1057,0.14509,0.78566,-0.52096,3
1058,2.0625,2.044,1.3637,3
1059,-0.59035,0.63372,1.0466,3
1060,1.5459,0.77596,1.122,3
1061,0.5404,0.13864,2.1062,3
1062,0.73121,-0.3086,-1.0995,3
1063,0.57003,0.15402,0.48744,3
1064,2.1886,1.4082,-0.35934,3
1065,1.0308,0.21416,-0.76401,3
1066,0.74036,0.48399,1.1604,3
1067,1.1644,0.08903,0.55626,3
1068,0.063604,1.5933,0.90459,3
1069,0.97682,0.45798,0.79963,3
1070,-0.16596,0.85593,0.32253,3
1071,0.76451,-0.47094,2.8887,3
1072,0.74688,-1.1783,0.73086,3
1073,-0.12374,0.37072,1.0986,3
1074,0.24308,1.4318,-0.2848,3
1075,2.0624,-0.39856,1.1358,3
1076,-1.0474,1.2895,0.95653,3
1077,-0.41455,1.4489,-0.1339,3
1078,0.80162,0.588,2.3677,3
1079,1.2743,1.4325,1.974,3
1080,-0.28731,1.4096,0.65074,3
1081,1.3979,-0.71816,0.08618,3
1082,0.19873,0.22505,0.71866,3
1083,-0.43249,-0.058751,0.11238,3
1084,1.2295,1.4376,0.40837,3
1085,0.60353,1.3576,0.43029,3
1086,0.47734,-0.018034,1.6708,3
1087,0.92572,0.83711,-0.66531,3
1088,1.7911,0.96774,-0.45625,3
1089,0.63201,-0.67702,-0.47962,3
1090,1.652,0.8784,1.5742,3
1091,-0.24705,0.82812,-0.16376,3
1092,0.67785,0.092417,1.3166,3
1093,1.1804,1.2144,1.0391,3
1094,1.4666,0.49124,0.36023,3
1095,1.2658,0.90136,1.298,3
1096,1.036,-0.16557,-0.16489,3
1097,0.57681,0.229,-0.15208,3
1098,1.2595,-0.84499,0.17193,3
1099,-0.6121,0.85054,1.0779,3
1100,0.2875,1.8698,0.78438,3
1101,0.35064,1.3583,2.0151,3
1102,-0.39604,1.8591,0.25194,3
1103,1.847,0.23064,0.3579,3
1104,0.33907,1.2632,0.038126,3
1105,1.1827,0.87955,0.53323,3
1106,1.9666,0.82047,0.24425,3
1107,3.012,1.0788,-0.46298,3
1108,-0.51762,-0.51624,1.0339,3
1109,0.56049,0.51086,-0.2831,3
1110,1.1675,0.43095,-0.10122,3
1111,-0.47914,1.42,-0.37107,3
1112,2.4747,0.22626,-0.33926,3
1113,1.0361,2.0332,0.65427,3
1114,1.0942,0.83172,-0.072741,3
1115,1.2084,0.37151,-0.97189,3
1116,1.3503,0.18011,-0.37747,3
1117,0.98704,0.66956,1.3154,3
1118,1.2178,0.17642,-0.43851,3
1119,1.282,-0.29571,-0.25434,3
1120,0.42903,0.9089,-0.70795,3
1121,1.073,0.76267,1.3819,3
1122,0.20595,0.37889,0.62072,3
1123,1.498,0.017429,0.85478,3
1124,1.4077,-1.1156,-0.21661,3
1125,0.64699,1.5482,-0.67572,3
1126,1.5342,0.20801,0.79435,3
1127,0.8604,1.402,0.044129,3
1128,-0.61266,1.8741,-0.2821,3
1129,0.66518,1.2826,-0.064714,3
1130,0.93377,0.54629,1.7208,3
1131,-0.56934,1.4759,1.1206,3
1132,-0.10907,0.82903,2.1969,3
1133,1.2946,-0.56135,1.6394,3
1134,-0.051336,0.32006,2.1946,3
1135,1.8283,-0.69542,2.5649,3
1136,1.0622,0.14796,1.0634,3
1137,0.27946,1.3271,0.44988,3
1138,1.8692,-0.18956,-0.13295,3
1139,0.06061,1.4524,-0.03472,3
1140,0.074496,-0.76264,0.95192,3
1141,-0.39591,0.78124,-0.027168,3
1142,-0.11363,1.7415,-0.23731,3
1143,0.80088,1.6254,1.9395,3
1144,0.73459,1.038,0.9423,3
1145,1.2014,0.69337,0.9957,3
1146,1.7371,0.29992,0.84966,3
1147,0.21148,1.0542,1.4319,3
1148,-0.2306,-0.032544,-0.058772,3
1149,0.63664,1.5066,1.1882,3
1150,1.1883,0.5389,-0.49579,3
1151,1.2665,0.26175,0.25563,3
1152,1.4233,-0.1119,0.29337,3
1153,-0.52574,0.68944,-1.139,3
1154,0.86011,1.1496,1.3348,3
1155,0.48469,-0.06627,-0.68175,3
1156,0.17299,0.88834,0.089945,3
1157,-1.3888,-0.51613,-1.0765,3
1158,-0.35055,0.77752,0.8035,3
1159,-1.0531,0.46353,1.6603,3
1160,1.8111,0.78111,-1.3184,3
1161,0.39611,-0.60642,1.6915,3
1162,0.44972,-1.0508,-1.0743,3
1163,-0.37597,0.2187,1.459,3
1164,0.75935,1.3352,0.2112,3
1165,0.77707,0.046789,0.94356,3
1166,1.7016,0.5593,1.2866,3
1167,-0.13105,1.0425,0.99351,3
1168,0.98867,-0.38222,0.87001,3
1169,1.0241,-1.6204,-0.024902,3
1170,0.54337,0.37468,0.75344,3
1171,0.34142,0.38295,1.4883,3
1172,-0.40273,1.7439,0.70894,3
1173,0.21299,0.72314,1.1493,3
1174,1.7373,1.8875,0.34742,3
1175,-0.3075,0.58882,0.89414,3
1176,1.8667,-1.4058,0.84569,3
1177,0.39671,-0.096294,0.26106,3
1178,1.7657,0.48315,1.0596,3
1179,0.85805,-0.60853,1.6419,3
1180,0.087337,2.0793,1.4885,3
1181,0.016188,1.9758,0.78956,3
1182,-0.10715,-1.0957,0.38078,3
1183,0.19895,1.2162,0.93735,3
1184,-0.98001,0.25342,-1.0063,3
1185,-0.61507,1.0656,1.9518,3
1186,0.57097,0.42052,0.073007,3
1187,0.26587,1.0311,1.2693,3
1188,-0.21649,0.57423,1.932,3
1189,1.2082,1.1923,0.44282,3
1190,0.26034,0.22903,-0.27074,3
1191,0.2882,1.0485,1.0448,3
1192,1.5179,-0.13736,1.1391,3
1193,0.22552,1.4818,-0.2254,3
1194,0.1832,1.5725,2.083,3
1195,0.89877,0.84413,1.6151,3
1196,-0.85711,1.0303,0.2998,3
1197,-0.5951,1.356,0.25136,3
1198,1.2691,0.41679,2.028,3
1199,1.1974,1.2888,-0.45661,3
1200,0.58534,1.9505,1.7464,3
1201,0.41481,0.20839,-0.76494,3
1202,2.9894,-0.56235,0.75637,3
1203,0.18578,0.29102,1.1028,3
1204,0.93767,-0.028736,0.65097,3
1205,0.38107,0.45994,0.40087,3
1206,0.64931,0.69165,-0.3501,3
1207,-0.60881,0.81677,-0.99817,3
1208,-0.038804,-0.35057,0.40628,3
1209,0.19391,2.1404,0.58061,3
1210,1.2917,-1.2498,1.4485,3
1211,0.64427,-0.022591,-0.03963,3
1212,-0.98352,-0.81912,2.5816,3
1213,-0.23513,1.1594,0.45132,3
1214,1.5216,-1.1852,0.90635,3
1215,0.68661,-0.2997,-0.47148,3
1216,1.2737,1.292,0.1852,3
1217,-0.93752,1.7326,1.0054,3
1218,1.1178,-1.0119,1.471,3
1219,-0.34957,0.44916,0.30436,3
1220,-0.047902,0.15327,0.90193,3
1221,-0.92858,-1.0655,1.7303,3
1222,0.046309,1.3357,1.3766,3
1223,0.69269,-0.011044,-0.09521,3
1224,0.67604,0.69388,0.32538,3
1225,0.91752,-0.99662,1.0586,3
1226,-0.072928,-0.96952,1.0453,3
1227,1.5429,1.4973,-0.13678,3
1228,0.11232,0.33823,-1.1575,3
1229,1.3378,0.62926,-0.17584,3
1230,1.6113,0.82664,0.55428,3
1231,0.50351,1.4641,0.19392,3
1232,1.7208,0.64633,-0.90417,3
1233,0.2509,-1.1947,-1.2389,3
1234,0.8343,1.1467,1.5819,3
1235,-1.0363,0.8372,-0.28951,3
1236,-0.42061,0.044807,1.1374,3
1237,0.33218,-0.32191,1.5702,3
1238,-0.9218,1.5036,-0.96561,3
1239,0.55296,1.2687,0.95239,3
1240,1.9412,2.423,2.1748,3
1241,1.3918,1.5072,0.55022,3
1242,0.77038,-0.48545,-0.21878,3
1243,1.3102,1.0074,-0.13772,3
1244,1.5333,-1.0136,-0.89998,3
1245,1.8052,0.9198,0.044942,3
1246,0.78359,1.5558,-0.19435,3
1247,-0.66551,0.64691,2.4509,3
1248,0.66181,1.703,1.2198,3
1249,1.9956,0.86708,1.2282,3
1250,0.23781,0.29746,0.16759,3
1251,0.098926,0.35657,0.9537,3
1252,0.24246,0.6239,0.30276,3
1253,0.3739,1.2172,1.3726,3
1254,0.19492,-1.3832,1.1473,3
1255,0.1732,0.76783,-0.53333,3
1256,-0.54682,0.026533,0.2078,3
1257,0.72166,-0.26067,1.1713,3
1258,0.59983,-0.22981,0.80909,3
1259,0.50513,0.6042,-0.30695,3
1260,0.16922,-0.37015,1.1995,3
1261,1.01,2.0741,2.3142,3
1262,1.0237,1.3185,0.88262,3
1263,0.59886,1.3,-0.77716,3
1264,0.71999,1.0894,1.3066,3
1265,-0.31103,-0.022039,0.35106,3
1266,1.4787,-0.31561,-0.32992,3
1267,2.118,-1.9265,0.078397,3
1268,2.3176,0.35645,-0.84734,3
1269,-0.38473,1.2268,-1.0242,3
1270,1.9082,1.0346,2.5617,3
1271,-1.1161,1.183,0.51031,3
1272,0.80905,-1.2441,0.81468,3
1273,0.39824,0.89463,-0.29061,3
1274,0.10652,-0.19527,0.071914,3
1275,0.20934,-0.18695,-1.6544,3
1276,0.41226,2.0909,0.67109,3
1277,1.246,0.18842,-0.40127,3
1278,0.37188,1.4466,-1.4107,3
1279,1.8278,0.49964,-0.80006,3
1280,0.15065,0.60298,0.437,3
1281,0.74335,-0.038147,2.1705,3
1282,1.1095,1.2206,-0.51692,3
1283,-0.88682,0.071811,0.25976,3
1284,-0.71897,0.35245,0.033951,3
1285,1.0728,-0.78548,-0.60676,3
1286,0.79432,0.28069,1.6079,3
1287,0.99284,0.85742,0.72032,3
1288,0.16411,0.82187,0.16014,3
1289,-0.41353,1.9248,1.5498,3
1290,1.9836,-0.26406,0.97353,3
1291,0.72648,-0.036462,0.18609,3
1292,0.11893,1.0643,0.35852,3
1293,0.98092,1.7868,2.4721,3
1294,-1.071,0.28313,-0.71023,3
1295,-0.47171,1.527,2.3986,3
1296,1.8075,0.50955,-0.24279,3
1297,0.25331,-0.79744,0.48041,3
1298,0.24967,-1.0197,0.036102,3
1299,-0.18263,1.1812,0.95098,3
1300,0.48756,-0.37676,2.5757,3
1301,1.3948,0.14455,2.672,3
1302,1.6847,0.30996,1.0769,3
1303,-0.34108,0.87473,2.0307,3
1304,-1.336,1.0344,0.46136,3
1305,-0.2091,0.77293,1.4587,3
1306,0.36857,0.86615,0.31945,3
1307,-0.71801,-0.27774,0.028402,3
1308,0.079377,-0.10449,0.3966,3
1309,0.58436,0.29492,-0.42396,3
1310,1.6726,-0.21065,-0.31794,3
1311,0.44307,0.53525,0.12023,3
1312,1.0455,1.4551,0.082725,3
1313,1.2239,1.0417,0.034518,3
1314,1.0655,-0.53032,0.40098,3
1315,0.63963,0.13004,0.96233,3
1316,0.48233,0.53543,-0.20728,3
1317,0.70657,-0.1199,-0.56061,3
1318,1.5752,1.5458,-0.2796,3
1319,2.0444,0.026785,0.0010184,3
1320,1.655,-0.0022645,-0.46498,3
1321,0.95676,0.37849,-1.3477,3
1322,0.94855,1.1042,0.83677,3
1323,0.7695,0.35055,0.81118,3
1324,0.12117,0.055859,1.8667,3
1325,1.1597,-0.75897,1.5308,3
1326,1.0896,0.35242,1.5309,3
1327,0.56966,0.097613,0.31143,3
1328,0.94489,1.0196,1.7606,3
1329,1.795,0.57074,0.55641,3
1330,0.61036,-1.2012,0.67533,3
1331,0.1467,0.31462,0.58528,3
1332,0.46019,2.2207,-0.41703,3
1333,1.6727,0.51513,-1.8278,3
1334,1.4223,1.5364,0.80306,3
1335,1.6888,1.5062,0.02517,3
1336,-1.78,-0.29428,-0.0076258,3
1337,0.65077,-0.091726,1.0563,3
1338,1.7063,0.23417,-0.91217,3
1339,-0.19324,0.55609,1.0006,3
1340,-0.044237,0.32293,1.5324,3
1341,-0.39182,0.7245,0.090393,3
1342,1.1287,0.74303,0.28965,3
1343,0.32573,1.5594,0.40276,3
1344,-0.102,0.55388,0.23976,3
1345,0.7131,0.25948,-2.227,3
1346,0.40786,0.4883,-1.2089,3
1347,0.40069,1.3758,1.5543,3
1348,0.021693,1.4004,-0.54009,3
1349,1.1671,-0.62628,0.55971,3
1350,0.10815,-0.24611,0.05283,3
1351,-1.2183,-0.54012,-0.0087573,3
1352,0.63067,0.92663,1.0399,3
1353,0.53388,-0.026707,-0.71832,3
1354,1.3602,-0.2937,0.2773,3
1355,0.61444,1.1986,0.010402,3
1356,-0.042084,0.31927,-1.004,3
1357,0.51476,-0.26825,1.3379,3
1358,0.10733,1.9838,2.4903,3
1359,1.3871,1.9111,-1.0246,3
1360,2.2741,-0.83029,0.14047,3
1361,0.08793,0.49159,0.16212,3
1362,1.6264,1.1959,0.64447,3
1363,0.13667,-0.43866,-1.1055,3
1364,1.1325,0.76919,0.43056,3
1365,0.19237,-1.0263,0.65921,3
1366,0.3685,0.56075,-0.77008,3
1367,1.3802,0.52023,0.75676,3
1368,0.80037,-0.28498,0.71865,3
1369,-0.66134,0.73636,-0.099512,3
1370,0.4495,-0.2562,1.303,3
1371,-0.15026,-2.591,0.57188,3
1372,1.4287,-0.43917,0.25693,3
1373,0.11512,0.58233,-0.90978,3
1374,1.2382,0.32195,-1.0867,3
1375,1.2803,-0.33333,1.0433,3
1376,-0.073932,0.40569,1.4081,3
1377,-0.66577,0.19825,0.2031,3
1378,-0.86241,-0.44116,-0.65667,3
1379,0.60224,-0.88659,0.86149,3
1380,0.73871,-0.15594,1.0975,3
1381,0.36963,-0.15189,0.11771,3
1382,0.55683,-1.4071,-0.093969,3
1383,0.38011,0.70993,-0.55927,3
1384,1.6968,-1.87,-0.27654,3
1385,-0.43633,0.99713,-1.0026,3
1386,2.3185,-0.82534,-0.18947,3
1387,1.5324,1.0362,1.3765,3
1388,1.5912,0.68872,1.3955,3
1389,0.67141,0.93647,2.0151,3
1390,2.1252,0.089885,0.35181,3
1391,0.17628,-0.58995,0.050725,3
1392,1.0082,0.9889,1.2088,3
1393,2.2132,1.3797,0.52723,3
1394,1.4028,1.6171,-0.61268,3
1395,0.71774,-0.31068,-0.28238,3
1396,-0.074121,-0.44825,0.89287,3
1397,0.11558,-0.63359,0.66984,3
1398,-1.2919,-1.6255,0.37865,3
1399,-0.17251,-0.13092,0.78231,3
1400,0.36474,-0.69444,0.0086689,3
1401,0.93192,0.45739,0.35705,3
1402,2.6723,1.5971,1.2067,3
1403,0.72915,-1.3454,-0.83281,3
1404,2.101,0.54046,0.53879,3
1405,0.65953,0.96445,0.13509,3
1406,0.53997,0.8115,0.46406,3
1407,1.7546,-0.30775,1.7544,3
1408,1.7292,-0.51985,-0.94089,3
1409,1.7434,-1.0332,0.36295,3
1410,0.96508,0.46814,-0.43727,3
1411,-0.09924,0.45774,-0.030926,3
1412,0.20613,1.4321,0.82461,3
1413,0.11301,-0.36272,1.0904,3
1414,-0.13788,0.13891,0.62348,3
1415,0.20167,-0.52329,-0.17167,3
1416,-0.018513,-0.46453,0.82829,3
1417,1.4662,-0.33705,0.53863,3
1418,-0.57522,1.2721,1.5524,3
1419,-0.43509,0.98418,0.76591,3
1420,0.42093,0.3393,-0.84503,3
1421,0.62901,-1.1577,1.7735,3
1422,-0.015187,0.036961,-0.48704,3
1423,0.48795,0.76615,-0.56546,3
1424,0.32083,1.0052,1.0981,3
1425,0.10385,0.84598,-0.89697,3
1426,1.2104,0.72184,-0.16597,3
1427,0.14627,-0.2423,2.1155,3
1428,0.42848,0.63933,0.080066,3
1429,0.98573,-0.4534,0.77699,3
1430,-0.67103,0.45326,0.023604,3
1431,0.2604,0.011274,-0.91836,3
1432,2.2594,1.0231,-0.1807,3
1433,1.1411,0.17393,0.15883,3
1434,0.038733,-0.37261,0.55767,3
1435,0.50514,0.2095,-1.0756,3
1436,0.77184,1.2798,1.5866,3
1437,0.68838,0.61559,-0.20815,3
1438,0.94598,0.86895,-0.50693,3
1439,0.26847,1.4732,0.63319,3
1440,1.4201,2.7535,-0.84199,3
1441,2.4285,0.35545,0.10471,3
1442,0.83975,0.69702,0.035048,3
1443,0.35671,0.82269,1.2917,3
1444,-0.25098,-0.33613,0.42222,3
1445,1.3191,-0.72319,0.71891,3
1446,1.3243,-0.030603,-0.63861,3
1447,-0.065315,1.7453,-0.042269,3
1448,1.3408,0.74956,1.1662,3
1449,1.1432,1.3178,0.41096,3
1450,-0.88931,0.51833,0.41112,3
1451,0.40582,0.3196,1.9928,3
1452,0.37271,0.29572,-0.49542,3
1453,1.3743,1.235,1.2627,3
1454,0.76323,0.15519,-0.059623,3
1455,0.042261,-0.077919,-0.09117,3
1456,-0.60157,0.15474,1.3982,3
1457,1.8365,-0.58506,1.195,3
1458,0.4038,-0.80643,0.78745,3
1459,0.48971,0.22096,0.53661,3
1460,0.65494,-0.16685,1.0107,3
1461,0.34404,0.61932,0.92371,3
1462,1.7849,1.488,-1.2901,3
1463,1.7058,1.1439,1.1115,3
1464,1.9663,1.0257,1.3572,3
1465,2.0917,-0.81926,1.4278,3
1466,0.23371,0.30869,0.36778,3
1467,0.59715,0.76686,-0.024451,3
1468,-0.64263,1.7023,-0.14081,3
1469,1.0251,-0.12015,-0.53996,3
1470,0.37663,-0.37178,-0.99734,3
1471,2.4288,0.75528,-0.37597,3
1472,-0.58509,-0.13823,-0.14124,3
1473,-0.95055,0.972,0.80352,3
1474,0.16979,1.5588,1.7555,3
1475,-0.99621,-0.086038,-0.45958,3
1476,-0.52065,-0.76526,0.041715,3
1477,0.84874,0.30647,-0.225,3
1478,-0.067978,1.8475,0.91913,3
1479,0.95367,0.52362,0.59015,3
1480,0.01514,0.9587,0.18405,3
1481,2.4319,0.035852,0.078188,3
1482,0.60672,1.5312,0.83557,3
1483,1.3976,-0.57718,0.40634,3
1484,0.72263,-1.124,-0.3287,3
1485,-0.014775,1.3592,0.86912,3
1486,0.38895,2.4003,0.095535,3
1487,-0.81651,1.2832,-0.35122,3
1488,-0.89946,0.27713,0.41,3
1489,0.33672,-0.13824,0.21724,3
1490,1.5977,0.2757,-0.52372,3
1491,1.5585,0.015233,-0.39101,3
1492,0.46627,1.3214,0.64088,3
1493,0.26283,0.12196,1.6886,3
1494,0.4212,0.47767,0.14145,3
1495,0.23925,-0.11362,-0.69601,3
1496,-0.0040499,-0.11584,2.957,3
1497,-0.31018,0.2837,1.6017,3
1498,1.0346,-0.48561,0.3345,3
1499,2.1939,0.49346,-0.95107,3
1500,0.27592,2.7221,0.72723,3
1501,-0.48419,1.1489,-0.18121,4
1502,-0.50749,-0.52718,0.90261,4
1503,-0.1935,0.22141,-0.96518,4
1504,0.089791,0.35079,-0.3995,4
1505,1.3799,-0.39391,0.063611,4
1506,0.2299,1.4313,1.3639,4
1507,-0.013079,-1.5928,1.4029,4
1508,1.2378,-0.090465,1.0668,4
1509,1.1722,-0.68044,0.95893,4
1510,1.3542,0.99649,1.5719,4
1511,0.54298,-0.66093,0.058658,4
1512,1.0981,2.1132,-0.049945,4
1513,0.78912,0.056899,-0.026657,4
1514,1.0689,1.3483,-1.5698,4
1515,-0.041239,1.6943,-0.7366,4
1516,0.95458,1.4472,0.015926,4
1517,0.70854,-0.91609,1.3134,4
1518,-0.32708,1.1582,-0.54157,4
1519,1.0613,1.1328,1.4134,4
1520,0.73131,-0.81888,1.1849,4
1521,0.092965,1.8759,-0.61703,4
1522,1.7533,-0.20344,0.49802,4
1523,0.76306,-0.808,0.27783,4
1524,-0.38434,-0.32591,-1.1637,4
1525,0.50448,0.79831,0.8133,4
1526,-0.29221,1.6344,1.1084,4
1527,3.4124,1.6627,1.8313,4
1528,0.52992,0.60031,0.41732,4
1529,1.5201,-1.2933,-0.69578,4
1530,1.4685,0.46399,0.38232,4
1531,1.7067,-0.085381,0.36274,4
1532,1.2117,1.0552,0.91015,4
1533,1.2797,0.45747,0.75326,4
1534,0.15852,0.29181,0.14356,4
1535,0.055612,0.80196,0.033354,4
1536,1.4682,0.64945,0.65839,4
1537,0.60567,0.55325,0.36116,4
1538,1.1684,-0.3706,0.78575,4
1539,1.0281,0.1819,0.48985,4
1540,0.76625,-0.1571,0.52785,4
1541,0.58557,0.59208,-0.31099,4
1542,0.082375,0.83515,2.0929,4
1543,1.1167,-0.58357,0.44205,4
1544,1.3281,-0.49773,0.25076,4
1545,-0.11749,-1.1743,2.003,4
1546,1.3303,-0.65932,0.47891,4
1547,0.86292,1.1276,1.5298,4
1548,0.459,1.0723,-0.15232,4
1549,-0.60838,-0.11729,0.53779,4
1550,1.4336,0.88702,1.9065,4
1551,0.5605,1.9436,0.22736,4
1552,-1.1348,0.81595,0.11737,4
1553,0.97939,1.3689,-1.0366,4
1554,0.8136,0.15664,1.3163,4
1555,0.31841,-0.13074,0.16591,4
1556,1.4081,0.8074,0.12972,4
1557,1.5951,1.591,0.46232,4
1558,1.127,1.5469,1.5118,4
1559,-0.34139,0.041407,-0.54952,4
1560,0.56935,1.0798,0.081926,4
1561,-0.10633,0.26726,1.1792,4
1562,0.44142,0.44886,-0.12426,4
1563,1.5856,-1.4561,1.0206,4
1564,0.22573,1.6614,0.85585,4
1565,-0.073038,0.90167,2.2688,4
1566,1.4755,-0.14137,-0.23806,4
1567,0.28132,0.35877,2.7159,4
1568,0.91453,0.87136,-0.43287,4
1569,0.70823,1.2945,-1.4969,4
1570,0.17321,0.90319,0.077559,4
1571,0.24187,1.4733,0.12886,4
1572,-1.2225,1.4322,-0.81837,4
1573,-0.057412,-0.19211,-0.38317,4
1574,-0.13426,0.20005,1.1944,4
1575,1.701,-0.70287,0.15183,4
1576,-0.17886,0.73974,-0.002048,4
1577,1.7595,-0.57548,-1.1408,4
1578,1.0705,0.86333,1.1644,4
1579,1.9487,2.0533,-0.73176,4
1580,1.3505,1.6607,1.0125,4
1581,-0.022715,-0.14463,0.14911,4
1582,0.77071,0.56911,0.62421,4
1583,1.3682,0.85442,1.1425,4
1584,0.70626,-0.037698,-0.44505,4
1585,1.1858,1.7251,0.59453,4
1586,1.6024,1.1441,0.42982,4
1587,-0.18744,-0.41578,-1.5233,4
1588,0.74833,1.9544,1.4619,4
1589,0.026303,-0.52302,0.46107,4
1590,0.22714,0.5978,-1.6358,4
1591,2.12,1.503,-1.6433,4
1592,0.022189,1.5066,1.4986,4
1593,1.2986,0.019166,-0.94028,4
1594,1.273,0.36988,0.59863,4
1595,1.8485,0.84789,-1.8323,4
1596,0.96523,0.88699,2.0033,4
1597,0.71296,-0.016927,-0.50379,4
1598,0.77573,-0.78259,1.4259,4
1599,0.42607,-0.15395,0.41082,4
1600,0.60943,0.5879,0.26367,4
1601,-0.31787,0.12798,1.2494,4
1602,0.71988,-1.4846,1.4583,4
1603,0.35833,1.3258,0.65526,4
1604,0.15178,-0.79325,0.17253,4
1605,0.70222,-0.58258,0.2265,4
1606,0.15101,1.0445,0.049963,4
1607,2.4797,0.85953,-0.79937,4
1608,0.18592,0.22793,0.22411,4
1609,-0.36801,0.12303,0.34204,4
1610,0.13852,1.5658,0.49001,4
1611,0.35979,1.7438,-0.11929,4
1612,-0.64366,-1.233,-0.3878,4
1613,-0.74437,0.17792,-2.1139,4
1614,-0.40593,-0.82618,0.59449,4
1615,1.0724,0.041285,0.28781,4
1616,0.19026,-0.68501,-0.13208,4
1617,0.42404,-0.062344,0.10332,4
1618,1.2245,0.28278,0.13143,4
1619,-0.27355,0.7299,0.97264,4
1620,0.93686,0.59264,1.0142,4
1621,0.97868,-0.77119,-0.058381,4
1622,-0.093201,0.96136,1.5009,4
1623,-1.9163,1.6768,-0.55796,4
1624,1.4885,1.1832,1.1023,4
1625,0.51532,1.0844,0.062578,4
1626,-1.1972,-0.23373,0.6224,4
1627,-0.15616,1.1072,1.0032,4
1628,0.28978,1.9292,0.89569,4
1629,-0.87714,1.2862,0.32136,4
1630,-0.36468,-1.0654,-0.48345,4
1631,-0.15878,0.74568,0.28429,4
1632,2.4117,0.73348,1.9465,4
1633,1.1165,0.36922,0.13456,4
1634,-0.1425,0.63206,0.43819,4
1635,0.194,-1.4999,0.11467,4
1636,1.2834,1.7132,-1.0451,4
1637,-0.6946,0.36519,0.67016,4
1638,0.28624,-0.44312,0.068296,4
1639,0.52819,-0.41703,0.50911,4
1640,1.4645,-0.20256,1.5502,4
1641,-0.89068,0.73503,2.8497,4
1642,0.69852,0.99992,0.28231,4
1643,0.53349,1.7481,0.9278,4
1644,-0.34971,1.0728,1.4862,4
1645,1.7626,0.86915,0.50161,4
1646,-0.7651,0.31306,0.41737,4
1647,0.46554,0.083553,-0.74512,4
1648,1.053,-0.38026,2.6439,4
1649,-0.26568,0.81149,1.763,4
1650,2.4823,-0.52826,0.23802,4
1651,0.18259,0.32498,0.24369,4
1652,0.6246,0.89377,2.7161,4
1653,0.67648,-0.23403,-0.89495,4
1654,-0.81061,0.56552,-0.86985,4
1655,1.6681,0.5613,0.47565,4
1656,0.56469,-0.21662,-0.43835,4
1657,0.099364,0.9205,0.40013,4
1658,1.4431,-0.99682,-0.76382,4
1659,0.34584,-0.5442,0.3079,4
1660,0.36495,0.097431,1.0217,4
1661,1.2391,1.3083,0.83001,4
1662,-0.27092,1.2137,0.44198,4
1663,1.225,0.3059,-0.45289,4
1664,-1.4291,1.0896,0.78719,4
1665,-0.92191,-0.16493,0.73751,4
1666,0.65487,0.35795,1.2156,4
1667,0.65872,1.4288,1.3556,4
1668,1.7172,0.30255,-0.0076008,4
1669,-0.20282,0.49769,0.52685,4
1670,0.74582,0.48676,-0.65662,4
1671,-0.37307,0.46113,-0.26665,4
1672,-0.14999,1.1298,2.3722,4
1673,0.22191,0.51918,0.94171,4
1674,-0.30819,0.97384,0.44129,4
1675,0.87054,-0.21737,0.99365,4
1676,0.40692,1.3872,-0.96956,4
1677,1.0014,1.0832,0.68956,4
1678,0.18753,0.044382,1.1221,4
1679,0.91067,1.2926,0.65312,4
1680,-0.0021409,0.92945,2.1809,4
1681,0.98703,0.90001,0.8075,4
1682,2.7604,0.087944,1.2804,4
1683,-0.53928,-1.6419,0.62206,4
1684,2.2698,0.48471,0.009409,4
1685,-0.39459,0.46898,-0.36718,4
1686,-0.27439,-0.38642,0.34417,4
1687,2.3688,0.085573,1.6577,4
1688,-0.62785,0.19464,-0.44896,4
1689,0.099397,1.0312,0.95137,4
1690,0.12811,-0.3881,-0.20742,4
1691,-0.71339,0.0579,0.85431,4
1692,0.90375,0.27383,1.822,4
1693,1.4466,0.22551,0.074996,4
1694,1.8002,0.87545,1.476,4
1695,2.0737,0.21003,0.91029,4
1696,1.0271,0.97526,0.74943,4
1697,0.31755,0.084282,2.2,4
1698,0.12433,1.5257,-0.0015972,4
1699,-0.092869,1.2822,1.6214,4
1700,1.401,-0.95147,0.32163,4
1701,0.57735,1.1672,1.2476,4
1702,-0.38226,-0.36551,0.6902,4
1703,0.66993,0.60918,0.9224,4
1704,1.9698,0.35143,1.1845,4
1705,-0.12328,0.74425,1.7641,4
1706,0.21447,0.54361,1.5546,4
1707,1.0976,0.56776,-0.16952,4
1708,1.2065,-0.41983,0.96413,4
1709,-1.8753,-1.1358,0.29049,4
1710,-0.039987,0.84923,1.7624,4
1711,0.44042,-0.032211,0.4719,4
1712,0.33164,1.8316,0.7478,4
1713,1.6861,0.76194,-1.0588,4
1714,-1.0538,-0.49097,0.42124,4
1715,0.89311,-0.18719,1.1043,4
1716,-0.017021,1.0929,2.0648,4
1717,1.929,0.29415,0.76913,4
1718,0.6893,-1.0902,1.1943,4
1719,0.65358,0.65534,0.96226,4
1720,1.9653,1.5333,0.13873,4
1721,1.3833,0.47856,0.74366,4
1722,-0.27038,1.7901,-0.11084,4
1723,1.1884,0.29051,1.9218,4
1724,0.28921,0.30055,-0.2258,4
1725,0.82386,0.9349,0.48966,4
1726,0.0333,1.4458,-1.1649,4
1727,1.9783,1.5962,-0.53601,4
1728,-0.65378,1.5261,-0.63849,4
1729,1.7097,1.7135,-1.0935,4
1730,-0.24057,0.2889,1.8805,4
1731,1.0302,0.16859,-0.91856,4
1732,-0.66087,0.55239,1.2856,4
1733,0.48887,-0.47715,0.14776,4
1734,-0.076138,0.0047572,-1.2386,4
1735,0.53377,-0.26503,-0.4963,4
1736,0.36565,0.55559,0.61167,4
1737,-0.24837,-0.55635,-0.86925,4
1738,0.12405,0.98291,0.2869,4
1739,1.6831,-1.0774,0.15947,4
1740,1.9878,-0.79804,0.76189,4
1741,0.64246,0.39601,-0.71965,4
1742,0.92643,1.0907,0.51823,4
1743,2.2817,1.5832,0.78354,4
1744,0.08755,0.057774,0.1147,4
1745,0.36425,0.73406,0.9552,4
1746,1.1452,1.522,0.86504,4
1747,1.4752,-0.28634,0.25828,4
1748,0.54874,0.07161,0.4581,4
1749,1.7237,0.92722,0.76205,4
1750,1.4806,-1.0251,1.3347,4
1751,0.22741,-0.61159,-0.96677,4
1752,1.7345,0.27361,-1.132,4
1753,1.9508,2.0626,-0.19044,4
1754,-1.0274,1.6604,-0.12792,4
1755,1.7207,-0.80294,1.459,4
1756,-0.32477,0.57334,1.1987,4
1757,0.37348,0.23917,1.6621,4
1758,0.55035,0.722,0.69068,4
1759,0.78644,1.7417,0.5816,4
1760,-0.20503,1.5035,0.23052,4
1761,-0.20442,-0.77158,-0.32835,4
1762,-0.020334,-0.28717,-0.31904,4
1763,-0.44276,0.21738,0.46394,4
1764,0.47291,0.50475,1.1318,4
1765,0.81923,1.4886,-0.12588,4
1766,-0.014266,-2.0884,0.99574,4
1767,0.91255,1.5386,0.86353,4
1768,0.27573,0.32901,1.4313,4
1769,0.8486,1.1871,-1.0826,4
1770,-0.52401,1.6992,-0.51742,4
1771,0.90279,-0.053474,-0.098182,4
1772,1.6482,2.3824,1.7464,4
1773,1.3403,0.93083,-0.14121,4
1774,0.30524,0.049135,-0.70066,4
1775,0.74788,0.058173,-0.99668,4
1776,-0.036504,1.5999,2.0224,4
1777,0.62426,-0.73424,0.24302,4
1778,-0.25016,0.63242,2.1522,4
1779,1.2468,-1.1883,0.21857,4
1780,2.6165,1.7845,-0.72099,4
1781,-0.41028,0.67668,0.055868,4
1782,0.38876,1.8117,0.90732,4
1783,1.2548,0.4812,1.4078,4
1784,1.2906,1.211,-0.35844,4
1785,1.0292,1.7289,1.7256,4
1786,-0.21349,-1.0836,1.8493,4
1787,0.80438,-0.18615,0.14503,4
1788,1.3763,-1.7336,1.2538,4
1789,-0.061182,0.46941,-0.58814,4
1790,1.2268,-0.50919,0.029557,4
1791,-0.17936,0.39146,1.0665,4
1792,1.1984,-0.54017,0.7159,4
1793,0.30468,0.54651,1.2231,4
1794,-0.34224,-0.056121,1.2216,4
1795,0.9621,0.45963,-0.2859,4
1796,-0.94141,-0.0645,0.90216,4
1797,1.7901,-0.98169,0.26161,4
1798,1.5526,0.44814,1.0904,4
1799,-1.1725,1.6041,1.1629,4
1800,0.27851,0.31545,-1.2864,4
1801,0.1641,-0.73562,-0.99796,4
1802,-1.0608,-0.46716,-0.012585,4
1803,1.8207,2.2652,0.40275,4
1804,1.2613,2.71,-0.30034,4
1805,0.97818,-0.98962,2.4218,4
1806,1.2204,0.36057,0.78309,4
1807,1.5589,1.7182,0.44624,4
1808,1.1219,0.35619,2.3385,4
1809,-0.033739,-0.32527,0.059336,4
1810,2.2938,0.43207,0.42743,4
1811,0.54429,0.72758,-1.6133,4
1812,1.3746,1.0731,1.7866,4
1813,0.846,0.29986,1.0122,4
1814,1.5579,-0.47929,0.052446,4
1815,0.47219,-0.50485,0.92356,4
1816,1.1368,0.22374,-0.93188,4
1817,0.8892,2.0208,-0.30948,4
1818,0.26672,0.14834,-0.42146,4
1819,0.43883,1.7532,-0.8397,4
1820,-0.28785,-0.65959,1.2167,4
1821,0.1835,0.33993,1.4614,4
1822,0.41857,-0.0046828,1.5279,4
1823,0.77286,2.1468,2.2991,4
1824,1.5425,-1.608,-0.089958,4
1825,0.7729,-0.010681,0.42997,4
1826,1.8835,0.0076741,-0.62586,4
1827,0.6131,0.32481,1.5412,4
1828,0.5177,-0.11135,0.79364,4
1829,0.040182,2.9478,0.76833,4
1830,0.36702,0.96433,-0.049438,4
1831,-0.026634,3.8167,0.3583,4
1832,-0.043028,0.50979,0.0064255,4
1833,-1.4959,1.5905,0.77716,4
1834,0.83167,0.36115,1.9262,4
1835,0.12836,-0.3094,0.86195,4
1836,0.38025,0.27573,1.4026,4
1837,0.91918,1.7588,1.4997,4
1838,0.075616,0.33081,-0.30854,4
1839,0.58132,-0.18675,-0.78305,4
1840,1.477,-0.077625,1.1762,4
1841,1.3808,-0.86449,-0.1871,4
1842,1.6408,2.0751,0.34116,4
1843,0.4915,0.8302,0.77708,4
1844,1.8732,0.47419,1.4255,4
1845,0.71034,0.61973,0.12785,4
1846,0.22331,-0.11742,1.1565,4
1847,1.7721,0.24458,1.1241,4
1848,-0.66835,-0.46939,0.29911,4
1849,1.1891,0.37743,-0.52356,4
1850,-0.30158,-0.25899,0.091955,4
1851,0.75382,-0.92895,0.66982,4
1852,-0.85999,-0.71698,0.66966,4
1853,0.33243,-0.10755,1.0603,4
1854,1.1744,0.34266,1.0199,4
1855,1.6528,0.00088278,0.64243,4
1856,0.69271,0.82675,0.62489,4
1857,1.2621,0.42421,0.50928,4
1858,-0.84426,-0.94503,-0.017724,4
1859,0.84875,2.4568,0.43315,4
1860,0.060944,0.62855,2.1577,4
1861,1.0718,-0.093394,-0.66705,4
1862,-0.201,1.3549,-0.24929,4
1863,-0.026119,0.66364,1.7553,4
1864,1.6554,0.56282,-1.1179,4
1865,0.23683,1.7143,1.4213,4
1866,0.26556,-0.60171,0.27278,4
1867,1.1791,0.36699,-0.52931,4
1868,1.1928,2.3087,-0.32705,4
1869,-0.03883,1.4436,0.40468,4
1870,0.58337,0.965,-0.01149,4
1871,0.16551,1.9808,1.6534,4
1872,0.83292,-0.026596,-0.33599,4
1873,0.32921,0.33792,-1.1071,4
1874,0.16376,1.1383,0.88098,4
1875,0.78185,0.49208,-0.38917,4
1876,-0.85467,1.1694,0.37616,4
1877,1.0591,0.084075,-0.12087,4
1878,0.1704,-0.77199,0.029678,4
1879,1.0096,0.40714,-0.2124,4
1880,-0.20805,0.45406,-0.43798,4
1881,0.78508,0.48317,1.3995,4
1882,0.51766,-0.23315,1.4705,4
1883,0.21826,0.18688,0.099961,4
1884,-0.30156,0.59122,1.4825,4
1885,0.67629,-0.16278,1.8324,4
1886,-0.85903,-0.484,0.11021,4
1887,0.5211,1.2337,-0.59467,4
1888,2.1444,-0.75516,-0.72248,4
1889,0.56127,0.60976,1.7606,4
1890,0.57162,1.8727,-0.33259,4
1891,0.69823,1.0741,1.2293,4
1892,-0.30781,1.7049,0.41717,4
1893,1.0135,-0.13042,2.7713,4
1894,0.026891,1.3528,0.082062,4
1895,0.0071708,2.0302,-0.0010299,4
1896,0.85258,0.024567,-0.99064,4
1897,-0.88429,-0.098921,0.8184,4
1898,0.45372,0.77312,1.4053,4
1899,0.53071,-0.45006,0.39808,4
1900,-0.24629,0.67714,-0.42175,4
1901,0.19941,-0.46574,-0.20436,4
1902,-0.5944,0.51486,0.9017,4
1903,1.1695,0.74186,0.0027053,4
1904,0.15609,2.2398,0.997,4
1905,0.91627,-0.83828,-1.1497,4
1906,0.81407,0.54132,1.7097,4
1907,0.078182,0.52632,-0.26566,4
1908,0.091635,0.23685,1.3959,4
1909,1.4204,-0.6778,0.54441,4
1910,0.212,2.0325,-0.11576,4
1911,1.183,0.8534,-0.52068,4
1912,-0.14848,-0.031239,1.572,4
1913,0.54819,-0.13826,0.24476,4
1914,0.36923,2.238,0.29564,4
1915,0.18595,-0.79295,1.8086,4
1916,0.67893,1.0353,-0.29078,4
1917,0.65266,0.13913,0.56116,4
1918,0.94848,-0.045019,2.2493,4
1919,-1.4558,-0.83922,0.73431,4
1920,1.3411,0.26406,1.2373,4
1921,1.9489,2.0034,-0.24247,4
1922,0.50396,-0.5955,2.1472,4
1923,-0.11079,-1.0827,0.69501,4
1924,1.3735,0.42497,1.3193,4
1925,-0.73831,0.075095,0.48405,4
1926,1.0656,1.182,-0.32842,4
1927,0.060346,1.438,1.1724,4
1928,0.55701,-0.44542,0.41395,4
1929,0.59165,-0.19624,0.097128,4
1930,-0.85557,1.4963,0.64869,4
1931,0.19234,2.7052,1.6238,4
1932,0.78377,0.87329,-0.2039,4
1933,0.63181,-0.22485,0.26797,4
1934,0.70653,0.72018,-1.4007,4
1935,-0.57568,0.72544,0.80279,4
1936,1.5541,0.91093,0.83459,4
1937,-0.16932,-0.61578,-0.74917,4
1938,1.0159,2.0146,-1.1153,4
1939,0.3107,0.65592,1.1282,4
1940,0.49819,0.32189,-0.56417,4
1941,1.7029,2.517,0.35934,4
1942,0.52528,1.8585,1.7915,4
1943,-1.228,-0.2463,-1.0675,4
1944,1.103,1.267,-0.30809,4
1945,0.13692,0.36159,-1.3325,4
1946,0.27017,1.0101,2.3126,4
1947,-0.39222,1.8288,-0.70525,4
1948,0.89752,1.2312,-2.5249,4
1949,1.0227,0.20514,2.4202,4
1950,0.15286,-0.012688,2.2155,4
1951,0.7084,1.08,0.97053,4
1952,0.99222,-0.077382,1.2014,4
1953,1.6013,0.81807,0.13805,4
1954,0.63254,0.27863,-0.93233,4
1955,2.3337,-1.1129,0.56863,4
1956,0.048167,-1.3806,0.93335,4
1957,-0.2089,-0.18243,1.9421,4
1958,1.1488,0.37417,0.41977,4
1959,1.6239,1.1123,0.90833,4
1960,2.5603,-1.1016,0.035907,4
1961,0.50235,-0.92127,0.8986,4
1962,-0.10842,-0.22242,1.5766,4
1963,0.09859,0.26601,0.14433,4
1964,0.29464,-0.048814,1.4161,4
1965,0.79538,1.3931,0.0099865,4
1966,0.23052,0.22466,0.20749,4
1967,1.5244,0.52789,0.69165,4
1968,0.78014,0.52455,1.7129,4
1969,0.69281,1.1071,1.6765,4
1970,0.4508,-0.23636,1.6045,4
1971,0.42244,-1.0286,-0.63671,4
1972,1.7251,0.48833,0.074637,4
1973,0.22274,1.1423,0.95643,4
1974,0.13066,0.64106,1.9702,4
1975,-0.19829,-0.053925,0.48382,4
1976,0.37008,0.38856,0.6523,4
1977,0.78886,-1.2116,1.1947,4
1978,-0.4514,1.0043,0.33382,4
1979,0.29875,0.58397,1.7097,4
1980,-0.1535,1.0298,-0.36164,4
1981,0.278,0.55905,-0.2636,4
1982,1.2379,0.51214,0.73753,4
1983,0.97341,0.89309,0.44724,4
1984,-0.69553,1.2572,0.87182,4
1985,-0.20345,-1.402,0.0027698,4
1986,0.48194,1.9003,-0.43835,4
1987,1.6064,0.72273,0.40853,4
1988,-0.031127,-0.51855,-0.03528,4
1989,-0.87595,1.5661,2.2973,4
1990,0.79886,-0.016569,0.34095,4
1991,1.6783,0.85959,0.68729,4
1992,1.9277,2.1432,-0.11975,4
1993,1.0827,0.0018887,0.51407,4
1994,1.3622,-0.4026,0.96293,4
1995,0.99825,-0.15427,0.72883,4
1996,0.58018,0.48081,-1.0301,4
1997,1.1292,-1.9769,1.6583,4
1998,1.8469,0.67779,1.3615,4
1999,-0.48399,0.81851,1.2107,4
2000,-0.26781,-0.43444,1.0125,4
